Episode;Title;Votes;Rating;Airdate
1;I'm Luffy! The Man Who Will Become the Pirate King!;2710;7.6;20/10/1999
2;The Great Swordsman Appears! Pirate Hunter, Roronoa Zoro;1570;7.7;17/11/1999
3;Morgan vs. Luffy! Who's This Beautiful Young Girl?;1279;7.6;24/11/1999
4;Luffy's Past! The Red-haired Shanks Appears!;1648;8.3;08/12/1999
5;Fear, Mysterious Power! Pirate Clown Captain Buggy!;1103;7.4;15/12/1999
6;Desperate Situation! Beast Tamer Mohji vs. Luffy!;1085;7.6;29/12/1999
7;Sozetsu Ketto! Kengo Zoro VS Kyokugei no Kabaji!;1030;7.6;29/12/1999
8;Shousha wa docchi? Akuma no mi no nouryoku taiketsu!;1001;7.7;29/12/1999
9;Seigi no usotsuki? Kyaputen Usoppu;965;7.1;12/01/2000
10;Chijou saikyou no hen na yatsu! Saiminjutsushi Jango;927;7.4;19/01/2000
11;Inbou o abake! Kaizoku shitsuji Kyaputen Kuro;893;7.3;26/01/2000
12;Gekitotsu! Kuroneko kaizokudan sakamichi no daikoubou!;877;7.6;02/02/2000
13;Kyoufu no futarigumi! Nyâban kyoudai vs Zoro;854;7.6;09/02/2000
14;Rufi fukkatsu! Kaya ojousama no kesshi no taikou;837;7.6;16/02/2000
15;Kuro o taose! Otoko Usoppu namida no ketsui!;830;7.4;23/02/2000
16;Kaya o mamore! Usoppu kaizokudan daikatsuyaku!;811;7.6;01/03/2000
17;Ikari bakuhatsu! Kuro vs Rufi kecchaku no yukue!;867;8.0;08/03/2000
18;Anta ga chunjuu! Gaimon to kimyou na nakama;815;6.9;15/03/2000
19;Santouryuu no kako! Zoro to Kuina no chikai!;1983;8.9;22/03/2000
20;Meibutsu kokku! Kaijou resutoran no Sanji;795;7.6;12/04/2000
21;Manukarezaru kyaku! Sanji no meshi to Gin on;765;7.5;12/04/2000
22;Saikyou no kaizoku kantai! Teitoku Don Kurîku;741;7.5;26/04/2000
23;Mamore Baratie! Daikaizoku akaashi no Zefu;748;7.7;03/05/2000
24;Tama no me no Mihôku! Kenzoku Zoro umi ni chiru;2315;9.1;10/05/2000
25;Hissatsu ashiwaza sakuretsu! Sanji vs Teppeki no Pâru;737;7.5;17/05/2000
26;Zefu to Sanji no yume Maboroshi no ôru burû;1260;8.5;24/05/2000
27;Reitetsu hijou no kijin Kaizoku kantai soutaichou Gin;733;7.5;31/05/2000
28;Shinaneeyo! Gekitou Rufi vs Kurîku!;724;7.6;07/06/2000
29;Shitou no Ketchaku! Hara ni Kukutta Ippon no Yari!;724;7.8;21/06/2000
30;Tabidachi! Umi no kokku wa Rufi to tomoni;845;8.2;28/06/2000
31;Higashi no Umi Saiaku no Otoko! Gyojin Kaizoku Arlong!;701;7.6;12/08/2000
32;Cocoyashi Mura no Majo! Arlong no Onna Kanbu;687;7.7;19/08/2000
33;Usopp Shisu?! Luffy Jouriku wa Mada?;779;7.8;19/08/2000
34;Zen'in Shuuketsu! Usopp ga Kataru Nami no Shinjitsu;770;7.4;26/08/2000
35;Himerareta Kako! Onna Senshi Bell-mere!;815;8.0;02/08/2000
36;Ikinuke! Haha Bellemere to Nami no Kizuna!;1879;8.9;09/08/2000
37;Luffy Tatsu! Uragirareta Yakusoku no Ketsumatsu!;2320;9.1;16/08/2000
38;Luffy Dai Pinch! Gyojin Tai Luffy Kaizokudan;821;8.1;23/08/2000
39;Luffy Suibotsu! Zoro vs Tako no Hacchan;777;8.0;30/08/2000
40;Hokoritakaki Senshi! Gekitou Sanji to Usopp;777;8.0;06/09/2000
41;Luffy Zenkai! Nami no Ketsui to Mugiwara Boushi;767;8.0;13/09/2000
42;Sakuretsu! Gyojin Arlong Umi kara no Moukougeki!;754;8.0;27/09/2000
43;Gyojin Teikoku no Owari! Nami wa Ore no Nakama Da!;1235;8.5;27/09/2000
44;Egao no Tabidachi! Saraba Furusato Cocoyashi Mura;753;7.8;11/10/2000
45;Joukinkubi! Mugiwara no Luffy Yo ni Shirewataru;684;7.7;25/10/2000
46;Mugiwara o Oe! Chiisana Buggy no Daibouken;736;6.3;01/11/2000
47;Omachikane! Aa Fukkatsu no Buggy Senchou!;739;6.1;08/11/2000
48;Hajimari to Owari no Machi: Loguetown Jouriku;739;7.8;22/11/2000
49;Sandai Kitetsu to Yubashiri! Zoro no Shintou to Onna Souchou;778;7.9;22/11/2000
50;Usopp Tai Kozure no Daddy: Mahiru no Kettou;691;7.4;29/11/2000
51;Honoo no Ryouri Battle? Sanji VS Bijin Chef;619;6.8;06/12/2000
52;Buggy no Revenge! Shokeidai de Warau Otoko!;717;8.2;13/12/2000
53;Densetsu wa Hajimatta! Mezase Grand Line;1008;8.4;10/01/2001
54;Aratanaru Bouken no Yokan! Nazo no Shoujo Apis;581;7.0;17/01/2001
55;Kiseki no Seibutsu! Apis no Himitsu to Densetsu no Shima;581;6.7;24/01/2001
56;Eric Shutsugeki! Gunkanjima kara no Daidasshutsu!;575;6.6;31/01/2001
57;Zekkai no Kotou! Densetsu no Lost Island;565;6.5;07/02/2001
58;Haikyo no Kettou! Kinpaku no Zoro VS Erik!;552;6.6;21/02/2001
59;Luffy Kanzen Houi! Teitoku Nelson no Hisaku;539;6.9;21/02/2001
60;Oozora o Mau Mono! Yomigaeru Sennen no Densetsu!;535;7.0;28/02/2001
61;Ikari no Kecchaku! Red Line o Norikoero!;544;7.5;07/03/2001
62;Saisho no Toride? Kyodai Kujira Laboon Arawaru;635;7.6;21/03/2001
63;Otoko no Yakusoku! Luffy to Kujira Saikai no Chikai;631;7.4;21/03/2001
64;Kaizoku Kangei no Machi? Whiskey Peak Jouriku;571;7.6;15/04/2001
65;Sakuretsu Santouryuu! Zoro VS Baroque Works!;642;8.1;15/04/2001
66;Shinken Shoubu! Luffy VS Zoro Nazo no Daikettou!;610;8.0;22/04/2001
67;Oujo Vivi o Todokero! Luffy Kaizoku Dan Shukkou;571;7.8;29/04/2001
68;Ganbare Coby! Coby-Meppo Kaigun Funtou Ki;601;6.7;13/05/2001
69;Coby-Meppo no Ketsui! Garp Chuujou no Oyagokoro;599;6.7;20/05/2001
70;Taiko no Shima! Little Garden ni Hisomu Kage!;591;7.1;27/05/2001
71;Dekkai Kettou! Kyojin Dorry to Brogy;599;7.3;03/06/2001
72;Luffy Ikaru! Seinaru Kettou ni Hiretsu na Wana!;580;7.3;17/06/2001
73;Brogy Shouri no Goukyuu! Elbaf no Kecchaku;578;7.4;24/06/2001
74;Ma no Candle! Munen no Namida to Ikari no Namida;585;7.6;15/08/2001
75;Luffy o Osou Maryoku! Colors Trap;570;7.6;12/08/2001
76;Iza Hangeki! Usopp no Kiten to Kaenboshi!;573;7.6;19/08/2001
77;Saraba Kyojin no Shima! Arabasuta o Mezase;577;7.5;19/08/2001
78;Nami ga Byouki? Umi ni Furu Yuki no Mukou ni!;578;7.2;26/08/2001
79;Kishuu! Bliking Gou to Blik no Wapol;563;7.6;02/09/2001
80;Isha no Inai Shima? Na mo Naki Kuni no Bouken!;560;7.6;09/09/2001
81;Happy kai? Majo to Yobareta Isha!;542;7.6;16/09/2001
82;Dolton no Kakugo! Wapol Gundan Shima ni Jouriku;548;7.6;07/10/2001
83;Yuki no Sumu Shima! Drum-Rocky o Nobore!;623;7.9;07/10/2001
84;Tonakai wa Aoppana! Chopper no Himitsu;581;7.8;21/10/2001
85;Hamidashi Mono no Yume! Yabuisha Hiluluk!;961;8.4;28/10/2001
86;Hiluluk no Sakura to Uketsugareyuku Ishi!;2041;9.2;04/11/2001
87;Versus Wapol Gundan! Bakubaku no Mi no Nouryoku!;589;7.9;11/11/2001
88;Zoan-kei Akuma no Mi! Chopper Nanadan Henkei;560;7.7;18/11/2001
89;Oukoku no Shihai Owaru Toki! Shinnen no Hata wa Eien ni;549;7.7;25/11/2001
90;Hiluluk no Sakura! Drum Rocky no Kiseki;1432;8.7;02/12/2001
91;Sayonara Drum-tou! Boku wa Umi e Deru!;561;7.9;09/12/2001
92;Arabasta no Eiyuu to Senjou no Ballerina;557;7.6;09/12/2001
93;Iza Sabaku no Kuni e! Ame o Yobu Kona to Hanrangun;550;7.2;16/12/2001
94;Gouketsu-tachi no Saikai! Yatsu no Na wa Hiken no Ace;1692;8.9;23/12/2001
95;Ace to Luffy! Atsuki Omoi to Kyoudai no Kizuna;604;8.1;06/01/2002
96;Midori no Machi Erumaru to Kung Fu Jugon!;544;7.3;13/01/2002
97;Suna no Kuni no Bouken! Ennetsu no Daichi ni Sumu Mamono;527;7.3;20/01/2002
98;Sabaku no Kaizokudan Toujou! Jiyuu ni Ikiru Otoko-tachi;502;7.0;27/01/2002
99;Nisemono no Iji! Kokoro no Hanrangun Kamyu!;479;7.0;03/02/2002
100;Hanrangun Senshi Kouza! Vivi ni Chikatta Yume!;512;7.5;10/02/2002
101;Kagerou no Kettou! Ace vs Otoko Scorpion;490;6.8;17/02/2002
102;Iseki to Mayoigo! Vivi to Nakama to Kuni no Katachi;450;7.0;24/02/2002
103;Spiders Cafe ni 8-ji Teki Kanbu Shuugou;488;7.4;03/03/2002
104;Luffy Tai Vivi! Nakama ni Kakeru Namida no Chikai;508;7.9;10/03/2002
105;Alabasta Sensen! Yume no Machi Rainbase;488;7.8;17/03/2002
106;Zettai Zetsumei no Wana! Rain Dinners Totsunyuu;500;8.1;24/03/2002
107;Utopia Sakusen Hatsudou! Ugokidashita Uneri;488;8.0;14/04/2002
108;Kyoufu no Bananawani to Mr. Prince;507;8.1;21/04/2002
109;Gyakuten Dai Dasshutsu e no Kagi! Doru-Doru Ball!;819;8.3;28/04/2002
110;Nasake Muyou no Shitou! Luffy vs Crocodile;1766;9.1;05/05/2002
111;Kiseki e no Shissou! Arabasta Doubutsu Land;520;7.8;12/05/2002
112;Hanrangun Tai Kokuougun! Kessen wa Alubarna!;527;8.0;19/05/2002
113;Nageki no Alubarna! Gekitou Carue Taichou!;505;7.7;02/06/2002
114;Nakama no Yume ni Chikau! Kettou Mogurazuka 4-bangai;515;7.8;09/06/2002
115;Honjitsu Daikoukai! Mane-Mane Montage!;529;8.0;16/06/2002
116;Nami ni Henshin! Bon Clay Renpatsu Ballet Kenpou;508;7.9;23/06/2002
117;Nami no Senpuu Chuuihou! Clima Takt Sakuretsu;514;7.8;30/06/2002
118;Ouke ni Tsutawaru Himitsu! Kodai Heiki Pluton;507;7.7;14/08/2002
119;Gouken no Gokui! Koutetsu o Kiru Chikara to Mono no Kokyuu;1813;9.1;21/08/2002
120;Tatakai wa Owatta! Kooza ga Kakageta Shiroi Hata;512;7.9;04/08/2002
121;Vivi no Koe no Yukue! Hero wa Maiorita!;791;8.3;11/08/2002
122;Suna Wani to Mizu Luffy! Kettou Dai 2 Round;1339;8.8;18/08/2002
123;Wanippoi! Ouke no Haka e Hashire Luffy!;524;8.1;25/08/2002
124;Akumu no Toki Semaru! Koko wa Sunasunadan Himitsu Kichi;514;8.0;01/09/2002
125;Idainaru Tsubasa! Waga Na wa Kuni no Shugoshin Pell;1557;9.0;08/09/2002
126;Koeteiku! Arabasta ni Ame ga Furu!;2297;9.4;15/09/2002
127;Buki yo Saraba! Kaizoku to Ikutsuka no Seigi;519;8.0;06/10/2002
128;Kaizoku-tachi no Utage to Arabasta Dasshutsu Sakusen!;506;8.0;06/10/2002
129;Hajimari wa Ano Hi! Vivi ga Kataru Boukentan!;1734;9.1;20/10/2002
130;Kiken na Kaori! Shichininme wa Nico Robin!;1106;8.6;27/10/2002
131;Hajimete no Kranke! Rumble Ball Hiwa;429;7.0;03/11/2002
132;Koukaishi no Hanran! Yuzurenai Yume no Tame ni!;427;6.6;10/11/2002
133;Uketsugareru Recipe! Curry no Tetsujin Sanji;408;6.8;17/11/2002
134;Sakasete Misemasu! Otoko Usopp Hasshakudama;413;6.8;24/11/2002
135;Uwasa no Kaizokugari! Sasurai no Kenshi Zoro;386;7.0;01/12/2002
136;Yagi no Shima no Zenny to Yama no Naka no Kaizokusen!;412;6.5;08/12/2002
137;Moukarimakka? Kanekashi Zenny no Yabou!;402;6.7;15/12/2002
138;Shima no Otakara no Yukue! Zenny Kaizokudan Shutsugeki!;406;6.5;22/12/2002
139;Niji-iro no Kiri Densetsu! Ruluka Tou no Roujin Henzo;380;6.9;05/01/2003
140;Eien no Kuni no Juunin! Pumpkin Kaizokudan!;384;6.8;12/01/2003
141;Furusato e no Omoi! Dasshutsu Funou no Kaizoku Hakaba!;380;6.7;19/01/2003
142;Ransen Hisshi! Wetton no Yabou to Niji no Tou;383;6.7;26/01/2003
143;Soshite Densetsu ga Hajimaru! Iza Niji no Kanata e;386;7.5;02/02/2003
144;Ubawareta Log! Salvage-ou Mashira!;451;7.2;09/02/2003
145;Kaibutsu Toujou! Shirohige Ichimi ni wa Te o Dasuna;459;7.5;16/02/2003
146;Yume o Miruna! Azakeri no Machi Mock Town!;478;8.0;23/02/2003
147;Kaizoku no Takami! Yume o Kataru Otoko to Kaitei Tansaku Ou;473;7.7;09/03/2003
148;"Densetsu no Ichizoku! ""Usotsuki Norland""";442;7.6;16/03/2003
149;Kumo Kaji Ippai! Southbird o Oe!;433;7.4;23/03/2003
150;Yume wa Kanawanai!? Bellamy VS Saruyama Rengou;468;8.1;13/04/2003
151;Ichioku no Otoko! Sekai Saikou Kenryoku to Kaizoku Kurohige;2009;9.3;20/04/2003
152;Fune wa Sora o Yuku! Knock-Up Stream ni Nore;492;8.2;27/04/2003
153;Koko wa Sora no Umi! Sora no Kishi to Tengoku no Mon;434;7.8;04/05/2003
154;Kami no Kuni Skypiea! Kumo no Nagisa no Tenshi-tachi;441;7.5;11/05/2003
155;Kindan no Seichi! Kami no Sumu Shima to Ten no Sabaki!;434;7.5;18/05/2003
156;Hayaku mo Hanzaisha!? Skypiea no Hou no Bannin;435;7.5;08/06/2003
157;Dasshutsu Naru ka!? Ugokihajimeta Kami no Shiren!;430;7.5;15/06/2003
158;Lovely-doori no Wana! Zennounaru God Enel;431;7.6;22/06/2003
159;Susume Karasumaru! Ikenie no Saidan o Mezase;425;7.6;06/08/2003
160;Seizonritsu 10%! Mantra-tsukai no Shinkan Satori!;429;7.7;13/08/2003
161;Tama no Shiren no Kyoui! Mayoi no Mori no Shitou;432;7.5;20/08/2003
162;Chopper Ayaushi! Motokami Tai Shinkan Shura;428;7.8;03/08/2003
163;Makafushigi! Himo no Shiren to Koi no Shiren!?;424;7.8;10/08/2003
164;Shandra no Hi o Tomose! Senshi Wiper;437;7.8;17/08/2003
165;Tenkuu no Ougonkyou Jaya! Mezase Kami no Yashiro!;416;7.7;24/08/2003
166;"Ougon Zen'yasai! ""Vearth"" e no Omoi!";425;7.4;07/09/2003
167;God Enel Toujou!! Ikinokori e no Aubade;417;7.5;21/09/2003
168;Kibamuku Uwabami! Tsui ni Hajimaru Survival Game;435;7.5;12/10/2003
169;"Sutemi no Haigeki (Reject)! ""Senki"" Wiper no Kakugo";453;7.9;19/10/2003
170;Kuuchuu no Gekisen! Kaizoku Zoro VS Senshi Braham;455;8.0;19/10/2003
171;Unaru Burn Bazooka!! Luffy VS Senki Wiper;435;7.7;26/10/2003
172;Numa no Shiren! Chopper VS Shinkan Gedatsu!!;435;7.7;02/11/2003
173;Muteki no Nouryoku! Akasareru Enel no Shoutai;446;7.8;09/11/2003
174;Maburoshi no Miyako! Yuudai Naru Shandra no Iseki!!;451;7.9;16/11/2003
175;Seizonritsu 0%!! Chopper VS Shinkan Ohm;436;7.7;21/12/2003
176;Giant Jack o Nobore!! Jouzou Iseki no Shitou;452;7.9;11/01/2004
177;Tetsu no Shiren no Shinkoccyou! Shiruibara Death Match!!;448;7.9;18/01/2004
178;Hotobashiru Zangeki! Zoro VS Shinkan Ohm!!;707;8.3;25/01/2004
179;Kuzure Yuku Jousou Iseki! Finale e no Quintet!!;464;8.1;01/02/2004
180;Kodai Iseki no Taiketsu! God Enel no Mokuteki!!;1423;8.9;08/02/2004
181;Fairy Vearth e no Yabou Hakobune Maxim!!;461;8.2;15/02/2004
182;Tsuini Gekitotsu! Kaizoku Luffy VS God Enel!!;1446;9.0;22/02/2004
183;Maxim Fujou! Ugoki Hajimeta Deathpiea!!;1429;9.0;29/02/2004
184;Luffy Rakka! Kami no Sabaki to Nami no Nozomi!!;440;8.0;07/03/2004
185;Mezameta Futari! Moeru Koi no Kyuushutsu Zensen;1027;8.6;14/03/2004
186;Zetsubou e no Capriccio Semaei Kuru Sora Shima no Shoumetsu!!;428;7.8;21/03/2004
187;Kane no Ne no Michibiki! Daisenshi to Tankenka no Monogatari;436;7.7;28/03/2004
188;Jubaku kara no Kaihou! Daisenshi ga Nagashita Namida!!;434;7.8;28/03/2004
189;Eien no Shinyuu! Oo-unabari ni Hibikuchikai no Kane!!;1448;9.0;04/04/2004
190;Angel-tou Shoumetsu! Raigou Kourin no Kyoufu!!;426;8.0;25/04/2004
191;Giant Jack o Taose! Dasshutsu e no Saigo no Nozomi;432;8.1;02/05/2004
192;Kami no Kune no Kiseki! Tenshi no Todoita Love Song;1581;9.2;09/05/2004
193;Tatakai no Shuuen! Tooku Hibiku Hokori Takaki Fantasia;435;8.0;23/05/2004
194;Ware Koko ni Itaru! Poneglyphs ga Tsumugu Mono;420;7.9;06/06/2004
195;Iza Seikai e!! Omoi ga Orinasu Saishuu Gakushou;420;7.8;13/06/2004
196;Hijoujitai Hatsurei! Akumei Takaki Kaisokusen Sennyuu!;370;7.1;20/06/2004
197;Ryourinin Sanji! Kaigun Shokudou de Shinka Hakki!;364;7.3;04/08/2004
198;Torawareru Zoro to Chopper Kinkyuu Shittou;366;7.1;11/08/2004
199;Semaru Kaigun no Sousa mou! Torawareta Futari Me!;367;7.4;18/08/2004
200;Kesshi no Luffy to Sanji! Kyuushutsu Dai Sakusen!;356;7.5;08/08/2004
201;Nekketsu Tokubetsu Butai Sansen! Bridge Koubousen!;347;7.3;05/09/2004
202;Houi Mou Toppa! Dakkan Going Merry Gou;350;7.3;19/09/2004
203;Kieta Kaizokusen! Yousai Koubou Dai 2 Round;355;7.1;26/09/2004
204;Ougon Dakkan Sakusen to Waver Kaishuu Sakusen!;345;7.2;03/10/2004
205;Ichimoudajin Keikaku! Jonathan Jishin no Hisaku;347;7.3;03/10/2004
206;Saraba Kaigun Yousai! Dasshutsu e no Saigo no Koubou;362;7.6;10/10/2004
207;Long Ring Long Land no Dai Bouken!;399;7.3;31/10/2004
208;Foxy Kaizoku Dan to Davy Back!;388;7.2;07/11/2004
209;Dai Ikkaisen! Gururi Isshuu Doughnut Race;389;7.3;14/11/2004
210;Gingitsune no Foxy! Mouretsu Bougai Kousei;393;7.2;21/11/2004
211;Dai 2 Kaisen! Buchi Kome Groggy Ring;396;7.4;28/11/2004
212;Red Card Renpatsu! Groggy Ring;385;7.6;05/12/2004
213;Dai Sankaisen! Guru Guru Roller Race!;371;7.2;12/12/2004
214;Hakunetsu Bakusou Race! Saishuu Round Totsunyuu!;365;7.5;19/12/2004
215;Unaru Netsukyuu Goukyuu! Kaizoku Dodgeball!;375;6.9;09/01/2005
216;Dangai no Kessen! Daruma-san ga Koronda!;380;6.9;09/01/2005
217;Captain Taiketsu! Saishuusen Combat!;396;7.1;16/01/2005
218;Zenkai Noro Noro Kougeki VS Fujimi no Luffy;392;7.2;23/01/2005
219;Souzetsu Nettou Combat! Unmei no Saishuu Kecchaku;386;7.5;30/01/2005
220;Ushinatta? Ubawareta? Omae wa Dare Da?;331;7.2;06/02/2005
221;Fue o Idaita Nazo no Shounen to Robin no Suiri!;331;7.0;13/02/2005
222;Iza Kioku o Dakkan Seyo! Kaizoku Dan Shima ni Jouriku;334;6.7;20/02/2005
223;Kiba o Muku Zoro! Tachihadakatta Yajuu!;329;7.1;27/02/2005
224;Honjou o Awarashita Kioku Dorobou no Saigo Gyakushuu;329;6.8;06/03/2005
225;Hokori takaki otoko! Gin Gitsune no Foxy;343;6.5;13/03/2005
226;Mottomo Muteki ni Tsuyoi Yatsu? Tomottomo Kiken na Otoko!;346;6.6;20/03/2005
227;Kaigun Honbu Taishou Aokiji! Saikou Senryoku no Kyoui;1446;8.9;27/03/2005
228;Gomu to Koori no Ikkiuchi! Luffy vs Aokiji;465;8.1;27/03/2005
229;Shissou Umi Ressha to Mizu no Toshi Water Seven;423;7.6;17/04/2005
230;Suijou Toshi no Bouken! Mokushise Kyodai Zousen Koujou;412;7.7;24/04/2005
231;Franky ikka to Iceberg san!;412;7.6;01/05/2005
232;Garera Company! Soukan Ichiban Dock;409;7.7;15/05/2005
233;Kaizoku Yuukai Jiken to Shi o Matsu Dake no Kaizokusen;413;7.8;22/05/2005
234;Nakama Kyuushutsu! Harikomi Franky House;1491;9.1;05/06/2005
235;Gekka no Oogenka! Kanashimi ni Hirugaeru Kaizokuki!;1801;9.3;12/06/2005
236;Luffy VS Usopp! Butsukaru Otoko no Iji;2308;9.5;19/06/2005
237;Genkishin Mizu no Toshi! Nerawareta Iceberg;405;7.7;03/08/2005
238;Gomu Gomu Ningen VS Ka o Fuku Cyborg;417;8.0;10/08/2005
239;Hannin wa Mugiwara Kaizukudan? Mizu no Toshi Youjinbou;408;7.8;31/08/2005
240;Eien no Wakare? Yamo o Hiku Onna Nico Robin;420;7.9;07/08/2005
241;Robin o Tsukamaero! Mugiwara Ichimi no Ketsui;407;7.6;14/08/2005
242;Aizu wa Hougeki to Tomoni! Ugokidashita CP9;426;8.1;21/08/2005
243;Kamen o Totta CP9! Sono Odoroki no Sugao;1503;9.1;04/09/2005
244;Himeta Kizuna! Iceberg to Franky;1390;8.9;11/09/2005
245;Kaete Koi Robin! CP9 to no Taiketsu!;693;8.4;18/09/2005
246;Mugiwara Kaizoku Dan Zenmetsu? Model Leopard no Kyoui;416;8.0;23/10/2005
247;Fune kara mo Aisareta Otoko! Usopp no Namida!;412;8.0;30/10/2005
248;Franky no Kako! Umi ressha ga Hashitta Hi;423;8.1;06/11/2005
249;Spandum no Inbou! Umi Ressha ga Yureta Hi;426;8.1;13/11/2005
250;Densetsu no Otoko no Saigo! Umi Ressha ga Naita Hi;1344;8.9;27/11/2005
251;Uragiri no Shinsou! Robin no Kanashiki Ketsui!;1189;8.8;27/11/2005
252;Nakama o Hikihanasu Kiteki! Hashiridasu Umi Ressha;401;7.9;04/12/2005
253;Sanji Totsunyuu! Arashi no Naka no Umiressha Battle!;406;7.7;11/12/2005
254;Nami Tamashii no Sakebi! Mugiwara no Luffy Fukkatsu!;411;8.0;22/01/2006
255;Mou Hitotsu no Umi Ressha! Rocketman Shutsugeki;397;7.9;29/01/2006
256;Nakama o Sukue! Tekidoushi ga Musunda Chikai no Kizuna!;400;7.8;05/02/2006
257;Nami o Kudake! Luffy to Zoro no Saikyou Combo;403;8.0;26/02/2006
258;Nazo no Otoko Toujou!? Sono Na wa Sogeking!;422;8.0;05/03/2006
259;Kokku Taiketsu! Sanji vs Ramen Kenpou;392;7.4;12/03/2006
260;Yane no Ue no Kettou! Franky VS Nero;392;7.7;19/03/2006
261;Gekitotsu! Onigiri Zoro VS Funekiri T-Bone;400;7.9;02/04/2006
262;Robin Soudatsusen! Sogeking no Kisaku!!;671;8.3;16/04/2006
263;Shihou no shima! Enies Lobby!;399;8.0;30/04/2006
264;Jouriku Sakusen Shidou! Mugiwara Ichimi Totsunyuu Seyo!;405;8.1;21/05/2006
265;Luffy Kaishingeki! Shihou no Shima de Daikessen!!;402;7.9;04/06/2006
266;Kyojinzoku to no Koubou! Daini no Tobira o Akero!;394;7.8;11/06/2006
267;Katsuro o Hirake! Sora o Tobu Rocketman!;402;7.9;18/06/2006
268;Luffy ni Oitsuke! Mugiwara Ichimi Souryokusen;398;8.0;25/06/2006
269;Uragirareta Robin! Sekai Seifu no Omowaku!;399;8.0;25/06/2006
270;Robin o Kaese! Luffy VS Blueno!;1027;8.6;02/08/2006
271;Tachidomaru na! Hangeki no Noroshi o Agero!;401;8.1;09/08/2006
272;Luffy Mokuzen! Saibansho Mae hiroba e Shuuketsu Seyo;434;8.2;23/08/2006
273;Subete wa Nakama o Mamoru Tame ni! Gear Second Hatsudou;1604;9.2;30/08/2006
274;Kotaero Robin! Mugiwara Ichimi no Sakebi!!;1786;9.3;06/08/2006
275;Robin no Kako! Akuma to Yobareta Shoujo!;1434;8.9;13/08/2006
276;Shukumei no Oyako! Sono Haha no Na wa Orubia!;1424;9.0;10/09/2006
277;Ohara no Higeki! Buster Call no Kyoufu;1664;9.3;24/09/2006
278;Ikitai to Ie! Oretachi wa Nakama Da!!;2692;9.7;24/09/2006
279;Taki ni Mukatte Tobe!! Luffy no Omoi!!;343;6.5;01/10/2006
280;Otoko no Ikizama! Zoro no Waza, Usopp no Yume;333;6.1;08/10/2006
281;Namida ga Tsumuida Nakama no Kizuna! Nami no Sekai Chizu;345;6.2;15/10/2006
282;Wakare ga Otoko o Migaku! Sanji to Chopper;327;6.1;22/10/2006
283;Subete wa Nakama no Tame ni! Yami no Naka no Robin!;332;6.0;29/10/2006
284;Sekkeizu wa Watasanai! Franky no Ketsudan;408;8.0;05/11/2006
285;Itsutsu no Kagi o Ubae! Mugiwara Ichimi Tai CP9;392;7.9;12/11/2006
286;Akuma no Mi no Chikara! Kaku to Jabra Daihenshin;395;8.0;19/11/2006
287;Shinde mo Keran! Sanji Otoko no Kishidou!;392;7.9;26/11/2006
288;Fukurou no Gosan! Ore no Cola wa Inochi no Mizu!;402;8.2;03/12/2006
289;Zoro Shinwaza Sakuretsu! Katana no Na wa Sogeking?;406;8.1;10/12/2006
290;Seigyo Funou! Chopper Kindan no Rumble;754;8.5;17/12/2006
291;Luffy Oyabun Futatabi! Yume ka Utsutsu ka Tomikuji Soudou;357;6.0;24/12/2006
292;Oshiro de Mochimaki Dai Race! Akai Hana no Inbou;398;5.7;07/01/2007
293;Awa Tsukai Kalifa! Nami ni Semaru Sekken no Wana;400;7.9;14/01/2007
294;Hibikiwataru Kyouhou! Hatsudou Buster Call;391;8.1;21/01/2007
295;Gonin no Nami? Hangeki wa Shinkirou to Tomo ni!;382;7.7;28/01/2007
296;Nami no Ketsudan! Bousou Chopper o Ute!;410;8.1;04/02/2007
297;Kariudo Sanji Toujou? Usotsuki Ookami ni Okuru Banka;398;8.1;11/02/2007
298;Shakunetsu no Keri! Sanji Ashiwaza no Full Course;716;8.5;25/02/2007
299;Hakujin no Moushuu! Zoro Tai Kaku Kyouryoku Zangeki Taiketsu;421;8.2;04/03/2007
300;Kishin Zoro! Kihaku ga Miseta Asura no Keshin;1590;9.2;11/03/2007
301;Spandam Kyougaku! Shihou no Tou ni Tatsu Eiyuu;1520;9.2;18/03/2007
302;Robin Kaihou! Luffy Tai Lucci Choujou Kessen;408;8.1;25/03/2007
303;Hannin wa Luffy Oyabun? Kieta Oozakura o Oe;330;6.0;01/04/2007
304;Katenakya Daremo Mamorenai! Gear Third Shidou;1454;9.0;08/04/2007
305;Senritsu no Kako! Yami no Seigi to Rob Lucci;1375;8.9;15/04/2007
306;Maboroshi no Ningyo Arawaru? Usureyuku Ishiki no Naka de;405;8.0;22/04/2007
307;Houka ni Shizumu Shima! Franky Munen no Sakebi;568;8.2;29/04/2007
308;Luffy o Mate! Tamerai no Hashi no Shitou!;1427;9.0;06/05/2007
309;Kobushi ni Kometa Omoi! Luffy Konshin no Gatling;2521;9.5;13/05/2007
310;Tomo, Umi yori Kitaru! Mugiwara Ichimi Saikyou no Kizuna;1471;9.1;20/05/2007
311;Zen'in Dai Dasshutsu! Shousha no Michi wa Kaizoku no Tame ni;1382;9.0;27/05/2007
312;Arigatou Merry! Yuki ni Kemuru Wakare no Umi;2669;9.6;03/06/2007
313;Yaburareta Ansoku! Ai no Kobushi o Motsu Kaigun Chuujou;1025;8.7;10/06/2007
314;Saikyou no Kakei? Akasareta Luffy no Chichi!;1581;9.1;17/06/2007
315;Sono Na wa Shinsekai! Grand Line no Yukue;434;8.2;24/06/2007
316;Shanks Ugoku! Bousou Suru Jidai e no Kusabi;1604;9.1;01/08/2007
317;Yagara o Sagasu Shoujo! Mizu no Miyako Daisousasen;327;6.3;08/08/2007
318;Haha wa Tsuyoshi! Zoro no Dotabata Kaji Tetsudai;347;6.1;15/08/2007
319;Sanji Shougeki! Nazo no Jii-san to Gekiuma Ryouri;322;6.6;22/08/2007
320;Tsui ni Zen'in Shoukin Kubi! 6-okugoe no Ichimi!;401;8.0;19/08/2007
321;Umi o Nozomu Hyakujuu no Ou! Yume no Fune Doudou Kansei!;382;7.9;26/08/2007
322;Saraba Itoshiki Kobun-tachi! Franky Tatsu;385;8.0;02/09/2007
323;Shukkou Mizu no Miyako! Otoko Usopp Kettou no Kejime;414;8.3;09/09/2007
324;Meguru Tehaisho! Kokyou wa Odoru Fune wa Susumu!;397;8.1;16/09/2007
325;Saikyou no Nouryoku! Ace o Osou Kurohige no Yami;1598;9.2;23/09/2007
326;Nazo no Kaizoku Goikkou! Sunny-gou to Kiken na Wana;302;6.8;14/10/2007
327;Sunny-gou Pinch! Unare Chousoku no Himitsu Mecha;305;6.3;21/10/2007
328;Shinsekai ni Shizumu Yume! Shitsui no Kaizoku Puzzle;305;6.4;28/10/2007
329;Osoikuru Shikaku-tachi! Hyoujou Dai Battle Kaishi;300;6.6;04/11/2007
330;Dai Kusen Mugiwara Ichimi! Hata ni Kakeru Kaizoku Tamashii;297;6.4;11/11/2007
331;Atsukurushisa Zenkai! Semaru Futago no Jiryoku Power;300;6.5;18/11/2007
332;Dai Konran no Yakata! Ikaru Don to Toraware no Ichimi;296;6.5;25/11/2007
333;Fushichou Futatabi! Tomo ni Chikau Kaizokuki no Yume;299;6.4;02/12/2007
334;Atsu Atsu Choukessen! Luffy VS Shakunetsu no Don;295;6.7;09/12/2007
335;Shin Sekai de Matsu! Isamashiki Kaizoku to no Wakare;295;6.7;16/12/2007
336;Shutsudou Chopperman! Mamore Nagisa no TV-kyoku;437;5.3;23/12/2007
337;Ma no Umi Totsunyuu! Kiri ni Ukabu Nazo no Gaikotsu;409;8.2;06/01/2008
338;Hito ni Aeta Yorokobi! Gaikotsu Shinshi no Shoutai;375;8.0;13/01/2008
339;Kai Genshou Zokuzoku! Thriller Bark Jouriku;364;7.6;20/01/2008
340;Tensai to Yobareta Otoko! Hogback Arawaru!;360;7.6;27/01/2008
341;Nami Dai Pinch! Zombie Yashiki to Toumei Ningen;370;7.7;03/02/2008
342;Zombie no Nazo! Akumu no Hogback Kenkyuujo;358;7.6;10/02/2008
343;Sono Na wa Moriah! Kage o Nigiru Dai Kaizoku no Wana;345;7.6;17/02/2008
344;Zombie Song no Kyouen! Youchi no Kane wa Yami no Oto;351;7.5;24/02/2008
345;Doubutsu Ippai? Perona no Wonder Garden;346;7.1;02/03/2008
346;Kieru Mugiwara Ichimi! Arawareta Nazo no Kenshi!;339;7.6;09/03/2008
347;Nokoru Kishidou! Nami o Mamoru Uragiri Zombie;345;7.5;16/03/2008
348;Sora kara Sanjou! Kenkyou Hanauta wa Ano Otoko!;349;7.8;23/03/2008
349;Luffy Kinkyuujitai! Saikyou no Kage no Ikisaki;351;7.8;30/03/2008
350;Majin to Yobareta Senshi!! Oz Fukkatsu no Toki;345;7.8;20/04/2008
351;500-nenburi no Mezame!! Oars Kaigan!!;346;7.6;27/04/2008
352;Shinnen no Inochigoi!! Afro o Mamoru Brook;349;7.6;04/05/2008
353;Otoko no Chikai wa Shinazu!! Tooi Sora de Matsu Tomo e;382;8.1;11/05/2008
354;Kanarazu Ai ni Iku!! Brook to Yakusoku no Misaki;350;7.3;18/05/2008
355;Meshi to Nami to Kage!! Luffy Ikari no Daihangeki;338;7.7;25/05/2008
356;Usopp Saikyou? Negative wa Makasetoke;341;7.7;01/06/2008
357;General Zombie Shunsatsu!! Oars wa Bouken Kibun!!;346;7.8;08/06/2008
358;Honoo no Knight Sanji!! Keritsubuse Itsuwari no Kyoshiki;342;7.6;15/06/2008
359;Suke Suke no Innen? Ubawareta Sanji no Yume;347;7.6;22/06/2008
360;Tasukete Hero!? Teki wa Fujimi no Princess;347;7.8;29/06/2008
361;Perona Kyoufu!? Uso no U wa Usopp no U;351;7.8;06/08/2008
362;Yane ni Mau Zangeki!! Kecchaku Zoro Tai Ryuuma;390;8.1;13/08/2008
363;Chopper Gekido!! Hogback Ma no Ijutsu;337;7.6;20/08/2008
364;Oz Hoeru!! Detekoi Mugiwara no Ichimi;341;7.3;03/08/2008
365;Teki wa Luffy!! Saikyou Zombie Tai Mugiwara no Ichimi;339;7.6;10/08/2008
366;Taorero Absalom!! Nami Yuujou no Raigeki!!;338;7.6;17/08/2008
367;Ubae Down!! Hissatsu Mugiwara Docking?;355;8.1;24/08/2008
368;Ashioto Naki Shuurai!! Nazo no Boumonsha: Boukun Kuma;348;8.0;31/08/2008
369;Oars Plus Moriah: Chikara to Zunou no Saikyou Gattai;353;8.0;07/09/2008
370;Gyakuten e no Hisaku: Nightmare Luffy Kenzan;353;8.0;14/09/2008
371;Kaimetsu, Mugiwara Ichimi: Kagekage no Chikara Zenkai;356;8.1;21/09/2008
372;Chouzetsu Battle Start! Luffy vs Luffy;1344;9.0;28/09/2008
373;Kecchaku Semaru! Tatakikome, Todome no Ichigeki;1207;8.9;05/10/2008
374;Karada ga Kieru! Akumu no Shima ni Sasu Asahi!;559;8.3;12/10/2008
375;Owaranai Kiki! Mugiwara Ichimi Massatsu Shirei;378;8.1;19/10/2008
376;Subete o Hajiku: Kuma no Nikyunikyu no Chikara;1460;9.0;09/11/2008
377;Nakama no Itami wa Waga Itami: Zoro Kesshi no Tatakai;4035;9.7;16/11/2008
378;Tooi Hi no Yakusoku: Kaizoku no Uta to Chiisana Kujira;392;8.1;23/11/2008
379;Brook no Kako: Youki na Nakama Kanashiki Wakare;383;8.0;30/11/2008
380;Binks no Sake: Kako to Genzai o Tsunagu Uta;1577;9.2;07/12/2008
381;Arata na Nakama! Ongakuka Hanauta no Brook;385;8.1;14/12/2008
382;Noronoro no Kyoui: Gingitsune no Foxy Futatabi;309;6.4;21/12/2008
383;Otakara Daisoudatsusen! Houkai! Spa Island Gou;310;6.4;28/12/2008
384;Brook's Hard Struggle the Difficult Path to Becoming a True C...;320;7.2;11/01/2009
385;Halfway Through the Grand Line Arrival! The Red Line;354;7.5;18/01/2009
386;Hatred of the Straw Hat Crew Enter Iron Mask Duval;352;7.5;25/01/2009
387;The Fated Reunion! Save the Imprisoned Fishman;350;7.4;01/02/2009
388;Tragedy! The Truth of the Unmasked Duval;354;7.7;08/02/2009
389;Explosion! The Sunny's Super Secret Weapon Gaon Cannon;354;7.7;15/02/2009
390;Gyojin-tou o Mezashite Jouriku: Sabaody Shotou;451;7.6;22/02/2009
391;Bougyaku! Sabaody no Shihaisha Tenryuubito;583;8.0;01/03/2009
392;Arata na Rival Shuuketsu! 11-nin no Choushinsei;649;8.2;08/03/2009
393;Hyouteki wa Camie!! Semaru Hitosaraiya no Mashu;611;8.0;15/03/2009
394;Camie o Sukue: Shotou ni Nokoru Ankoku no Rekishi;597;8.0;29/03/2009
395;Time Limit: Human Auction Kaimaku;638;8.2;05/04/2009
396;Tekken Sakuretsu! Auction o Buttsubuse;2230;9.5;12/04/2009
397;Dai Panic! Auction Kaijou no Shitou;1789;9.3;19/04/2009
398;Taishou Kizaru Ugoku! Souzen Sabaody Shotou;1380;9.0;26/04/2009
399;Houimou o Toppa Seyo! Kaigun Tai Sannin no Senchou;1367;9.0;03/05/2009
400;Roger to Rayleigh: Kaizoku Ou to Sono Migiude;1697;9.3;10/05/2009
401;Kaihi Fukanou!? Taishou Kizaru no Kousoku no Keri;1388;9.0;17/05/2009
402;Attouteki! Kaigun no Sentou Heiki Pacifista;1409;9.1;24/05/2009
403;Saranaru Kyouteki Arawaru! Masakari Katsuida Sentoumaru;1444;9.1;31/05/2009
404;Taishou Kizuru no Moukou Mugiwara Ichimi Zettaizetsumei!;1952;9.4;07/06/2009
405;Kesareta Nakama-tachi: Mugiwara Ichimi Saigo no Hi;3293;9.7;14/06/2009
406;Jidaigeki Tokubetsu Hen: Luffy Oyabun Futatabi Kenzan;321;5.9;21/06/2009
407;Jidaigeki Tokubetsu Hen: Yabure! Thriller Shoukai no Wana;320;5.8;28/06/2009
408;Jouriku! Danshi Kinsei no Shima Amazon Lily;456;7.7;05/08/2009
409;Isoge! Nakama-tachi no Moto e: Nyougashima no Bouken;484;7.7;12/08/2009
410;Minna Meromero! Kaizoku Jotei Hancock;490;7.8;19/08/2009
411;Senaka ni Kakusareta Himitsu: Souguu Luffy to Hebihime;578;7.8;02/08/2009
412;Hijou no Sabaki! Ishi ni Sareta Margaret!!;859;8.4;09/08/2009
413;Luffy Daikusen! Hebi Shimai no Haki no Chikara!!;1361;8.9;16/08/2009
414;Nouryoku Zenkai Battle!! Gomugomu Tai Hebihebi;934;8.6;23/08/2009
415;Hancock no Kokuhaku: Shimai no Imawashiki Kako;1288;8.9;30/08/2009
416;Ace o Sukue! Arata na Mokutekichi wa Daikangoku;876;8.5;06/09/2009
417;Koi wa Hurricane! Meromero Hancock;885;8.5;13/09/2009
418;Nakama-tachi no Yukue: Tenkou no Kagaku to Karakurijima;343;7.5;20/09/2009
419;Nakama-tachi no Yukue: Kyochou no Shima to Momoiro no Rakuen!;348;7.1;27/09/2009
420;Nakama-tachi no Yukue: Shima o Tsunagu Hashi to Shokujin Shok...;342;7.5;04/10/2009
421;Nakama-tachi no Yukue: Negative Princess to Akuma Ou;345;7.6;11/10/2009
422;Kesshi no Sennyuu! Kaitei Kangoku Impel Down Sennyuu!;354;7.8;18/10/2009
423;Jigoku de Saikai!? Bara Bara no Mi no Jitsuryokusha!;358;7.9;25/10/2009
424;Yabure! Guren Jigoku: Buggy no Dohade Daisakusen;350;7.8;01/11/2009
425;Kangoku Saikyou no Otoko! Doku Ningen Magellan Toujou;347;7.8;08/11/2009
426;Eiga Rendou Special: Ugokidasu Kinjishi no Yabou;284;6.7;15/11/2009
427;Eiga Rendou Special: Nerawareta Little East Blue;285;6.4;22/11/2009
428;Eiga Rendou Special: Amigo Kaizokudan no Moukou;283;6.3;29/11/2009
429;Eiga Rendou Special: Kessen! Luffy Tai Largo;284;6.3;06/12/2009
430;Toraware no Ouka Shichibukai! Kaikyou no Jinbee;351;7.7;13/12/2009
431;Roubanchou Saldeath no Wana: Level 3 Kiga Jigoku;347;7.6;20/12/2009
432;Tokihanatareta Swan! Saikai! Bon Clay;368;7.9;27/12/2009
433;Shochou Magellan Ugoku: Kansei! Mugiwara Houimou;382;8.0;10/01/2010
434;Zensenryoku Shuuketsu! Level 4 Shounetsu Jigoku no Kessen;357;7.7;17/01/2010
435;Magellan Tsuyoshi! Bon Clay Tekizen Toubou;397;8.1;24/01/2010
436;Shiyuu Kessu! Sutemi no Luffy Saigo no Ichigeki;451;8.2;31/01/2010
437;Dachi Dakara: Bon Clay Kesshi no Kyuushutsukou;401;8.0;07/02/2010
438;Jigoku ni Rakuen! Impel Down Level 5.5;354;7.5;14/02/2010
439;Luffy Chiryou Kaishi: Ivan-san Kiseki no Chikara!!;363;7.4;21/02/2010
440;Kiseki o Shinjite! Bon Clay Tamashii no Seien;364;7.7;28/02/2010
441;Luffy Fukkatsu! Iwa-san Datsugoku Keikaku Shidou!!;361;7.9;07/03/2010
442;Ace Gosou Kaishi: Saikasou Level 6 no Koubou!;382;8.1;14/03/2010
443;Saikyou Team Kessei: Shinkan! Inpel Down;375;8.1;21/03/2010
444;Saranaru Konran! Kurohige Teach Shuurai!;377;8.1;28/03/2010
445;Kiken na Deai! Kurohige to Ame no Shiryuu;354;7.8;04/04/2010
446;Iji demo Taorenu! Honki no Hannyabaru;555;8.3;11/04/2010
447;Ikari no Jet Pistol: Luffy vs Kurohige;1467;9.0;18/04/2010
448;Magellan o Tomero! Iva-san Ougi Sakuretsu;362;7.9;25/04/2010
449;Magellan no Kisaku! Habamareta Datsugoku Keikaku;377;8.1;02/05/2010
450;"Datsugoku Team Zettaizetsumei: Kinjite ""Venom Demon""";1216;8.9;09/05/2010
451;Okose Saigo no Kiseki: Seigi no Mon o Toppa Seyo;1,6;9.2;16/05/2010
452;Mezase Kaigun Honbu: Ace Kyuushutsu e no Funade!;354;7.9;23/05/2010
453;Nakama-tachi no Yukue: Weatheria Report to Cyborg Animal;322;7.1;30/05/2010
454;Nakama-tachi no Yukue: Kyochou no Hina to Momoiro no Taiketsu;341;6.5;06/06/2010
455;Nakama-tachi no Yukue: Kakumeigun to Boushoku no Mori no Wana!;321;7.1;13/06/2010
456;Nakama-tachi no Yukue: Kyodai na Bohyou to Pantsu no On;324;7.1;20/06/2010
457;Marineford Chokuzen Kaisou Special: Kyoudai no Chikai!;321;6.8;27/06/2010
458;Marineford Chokuzen Kaisou Special: Shuuketsu! San Taishou;350;6.7;11/08/2010
459;Kessen no Toki Semaru! Kaigun Saikyou no Fujin Kansei!;1518;9.0;18/08/2010
460;Kyodai Kantai Arawaru: Shuurai! Shirohige Kaizokudan;1542;9.1;01/08/2010
461;Kessen no Makuake! Ace to Shirohige no Kako;1704;9.2;08/08/2010
462;Sekai o Horobosu Chikara! Guragura no Mi no Nouryoku;1529;9.1;15/08/2010
463;Subete o Yakitsukusu!! Taishou Akainu no Chikara!;1604;9.2;22/08/2010
464;Majin no Shison! Little Oars Jr. Bakushin!;1509;9.1;29/08/2010
465;Shousha dake ga Seigi Hatsudou! Sengoku no Sakusen!;1596;9.2;05/09/2010
466;Mugiwara Team Touchaku Fuunkyuu o Tsugeru Senjou;1831;9.4;12/09/2010
467;Shinde mo Tasukeru: Luffy vs Kaigun Battle Start;1717;9.3;19/09/2010
468;Gekisen no Renzoku! Nouryokusha Gundan VS Nouryokusha Gundan;1575;9.2;26/09/2010
469;Kuma ni Okita Ihen Iva-san Ikari no Ichigeki;1481;9.0;03/10/2010
470;Kengou Mihawk Luffy ni Semaru Kokutou no Zangeki;1518;9.2;10/10/2010
471;Senmetsu Sakusen Shidou: Pacifista Gundan no Iryoku;1475;9.1;17/10/2010
472;Akainu no Bouryaku! Otoshiirerareta Shirohige;1537;9.2;24/10/2010
473;Houiheki Sadou! Shirohige Kaizokudan Zettaizetsumei!!;1479;9.1;31/10/2010
474;Shokei Shikkou Shirei Kudaru: Houiheki o Toppa Seyo!;1844;9.4;07/11/2010
475;Saishuu Kyokumen Totsunyuu! Shirohige Kishikaisei no Itte;1595;9.3;14/11/2010
476;Luffy Chikaratsuku! Oris Hiroba no Souryokusen!!;1545;9.2;21/11/2010
477;Inochi o Kezuru Chikara: Tension Hormone Futatabi;1483;9.1;28/11/2010
478;Yakusoku no Tame ni!! Gekitou! Luffy to Coby;1650;9.3;05/12/2010
479;Shokeidai Mokuzen! Hirakareta Ace e no Michi!!;1507;9.2;12/12/2010
480;Sorezore no Eranda Michi: Luffy vs Garp!;1902;9.4;19/12/2010
481;Ace Kyuushutsu! Shirohige Saigo no Senchou Meirei!;2218;9.5;26/12/2010
482;Hi o mo Yaki Tsukusu Chikara: Akainu Hijou no Tsuigeki;3116;9.6;09/01/2011
483;Kotae o Sagashite: Hiken Ace Senjou ni Shisu;4717;9.8;16/01/2011
484;Kaigun Honbu Houkai! Shirohige Kotobanaki Ikari!;2868;9.7;23/01/2011
485;Kejime o Tsukeru: Shirohige vs Kurohige Kaizokudan;3999;9.8;30/01/2011
486;Show no Kaimaku: Akasareta Kurohige no Takurami;1849;9.4;06/02/2011
487;Akainu no Shuunen! Luffy o Osou Magma no Kobushi;1618;9.2;13/02/2011
488;Hisshi no Sakebi: Unmei o Kaeru Yuuki Aru Suubyou;2260;9.5;20/02/2011
489;Shanks Kenzan! Choujou Sensou Tsui ni Shuuketsu;2203;9.5;06/03/2011
490;"Gun'yuu Kakkyo Su! ""Atarashii Jidai"" no Hajimari!";962;8.4;20/03/2011
491;Nyougashima Jouriku: Luffy o Semeru Kakoku na Genjitsu;997;8.5;27/03/2011
492;Saikyou Tag! Funtou, Luffy to Toriko!;353;5.6;03/04/2011
493;Luffy to Ace: Kyoudai no Deai no Monogatari!;890;8.3;10/04/2011
494;Sabo Toujou! Gray Terminal no Shounen;636;8.1;17/04/2011
495;Ore wa Nigenai: Ace Kesshi no Kyuushutsu Sakusen;577;7.8;24/04/2011
496;Itsuka Umi e! Sannin no Akudou Chikai no Sakazuki!;634;8.0;01/05/2011
497;Dadan Ikka to no Wakare!? Kansei! Himitsu Kichi;569;7.8;08/05/2011
498;Luffy Deshiiri!? Kaizoku Ou to Tatakatta Otoko!;417;7.4;15/05/2011
499;Ootora to no Kessen! Senchou ni Naru no wa Dare Da!;410;7.4;22/05/2011
500;Ubawareta Jiyuu! Sankyoudai ni Semaru Kizoku no Wana;469;7.7;29/05/2011
501;Hanatareta Honoo: Gray Terminal no Kiki;465;7.8;05/06/2011
502;Jiyuu wa Doko ni Aru? Shounen no Kanashiki Funade;498;7.8;12/06/2011
503;Yoroshiku Tanomu! Kyoudai kara Todoita Tegami!;1334;8.9;19/06/2011
504;Yakusoku o Hatasu Tame: Sorezore no Tabidachi!;624;8.2;26/06/2011
505;Aitsura ni Aitee! Luffy Namida no Sakebi;1390;9.0;03/08/2011
506;Mugiwara no Ichimi Gekishin! Motarasareta Kyouhou;575;7.9;10/08/2011
507;Meiou Rayleigh to no Saikai: Luffy Ketsudan no Toki;570;7.9;17/08/2011
508;Senchou no Moto e: Sorajima no Datsugoku to Fuyujima no Jiken;396;7.3;31/08/2011
509;Sesshoku! Daikengou Mihawk: Zoro Iji no Shitou;400;7.7;07/08/2011
510;Sanji no Junan: Oukoku e to Kikan Shita Joou!;391;7.5;14/08/2011
511;Masaka no Saijouriku! Luffy Marineford e!;434;8.1;21/08/2011
512;Nakama ni Todoke: Kakemeguru Dai News!;422;7.8;28/08/2011
513;Ugokidasu Kaizoku-tachi! Kyoutendouchi no Shinsekai;391;7.4;04/09/2011
514;Jigoku o Ikinuke: Sanji Otoko o Kaketa Shoubu;385;7.3;11/09/2011
515;Madamada Tsuyoku Naru! Zoro Senchou e no Chikai;396;7.8;18/09/2011
516;Luffy Shugyou Kaishi: 2-nengo ni Yakusoku no Basho de;1458;9.1;25/09/2011
517;Shinshou Kaimaku: Saishuuketsu! Mugiwara no Ichimi;1566;9.1;02/10/2011
518;Isshokusokuhatsu! Luffy Tai Nise Luffy;647;8.2;09/10/2011
519;Kaigun Shutsudou: Nerawareta Mugiwara no Ichimi;585;7.9;16/10/2011
520;Oomono Shuuketsu: Nise Mugiwara Ichimi no Kyoui;525;7.8;23/10/2011
521;Sentou Kaishi! Misero Shugyou no Seika!;1580;9.2;30/10/2011
522;Zen'in Shuugou: Luffy Shinsekai e no Funade;931;8.6;06/11/2011
523;Kyougaku no Shinjitsu: Sunny-gou o Mamotta Otoko;557;7.9;13/11/2011
524;Kaichuu no Shitou: Arawareta Oounabara no Akuma;333;7.5;20/11/2011
525;Shinkai de Sounan: Hagureta Mugiwara no Ichimi;322;7.6;27/11/2011
526;Kaitei Kazan Funka! Nagasarete Gyojintou;318;7.5;04/12/2011
527;Gyojintou Jouriku: Uruwashiki Ningyo-tachi;320;7.6;11/12/2011
528;Koufun Bakuhatsu! Sanji Seimei no Kiki!;322;7.4;18/12/2011
529;Gyojintou Metsubou!? Sharley no Yogen;335;7.3;25/12/2011
530;Gyojintou no Ou: Kaishin Neptune!;318;7.4;08/01/2012
531;Ryuuguujou! Tasuketa Same ni Tsurerarete;325;7.1;15/01/2012
532;Yowamushi de Nakimushi! Koukakutou no Ningyo Hime;315;7.3;22/01/2012
533;Kinkyuu Jitai Hassei: Senkyo Sareta Ryuuguujou;314;7.3;29/01/2012
534;Ryuuguujou Gekishin! Shirahoshi Yuukai Jiken;318;7.6;05/02/2012
535;Hody Shuurai: Fukushuu Keikaku no Hajimari;312;7.3;12/02/2012
536;Ryuuguujou no Kessen! Zoro Tai Hody;320;7.8;19/02/2012
537;Shirahoshi o Mamore: Decken no Tsuigeki;316;7.7;26/02/2012
538;Ichimi Haiboku!? Hody Ryuuguujou Seiatsu;309;7.7;04/03/2012
539;Yomigaeru Innen! Nami to Gyojin Kaizokudan!;317;7.5;18/03/2012
540;Dorei Kaihou no Eiyuu: Boukenka Tiger;328;7.7;25/03/2012
541;Kizaru Toujou! Tiger o Nerau Wana!;367;8.1;01/04/2012
542;Team Kessei! Chopper o Sukue;281;5.7;08/04/2012
543;Eiyuu no Saigo: Tiger Shougeki no Shinjitsu;379;8.1;15/04/2012
544;Kaizokudan Bunretsu: Jinbe Tai Arlong;320;7.5;22/04/2012
545;Yureru Gyojintou! Hyouchaku Shita Tenryuubito;320;7.3;29/04/2012
546;Totsuzen no Higeki! Mirai o Tozasu Kyoudan;334;7.9;06/05/2012
547;Futatabi Genzai e! Ugokidasu Hody;309;7.7;13/05/2012
548;Oukoku Gekishin: Neptune Shokei Shirei;303;7.5;20/05/2012
549;Shoujita Kiretsu! Luffy Tai Jinbe;304;7.6;27/05/2012
550;Hody no Ihen: Kyouyaku no Shin no Chikara!;308;7.0;03/06/2012
551;Kessen Hajimaru: Gyoncorde Hiroba!;310;7.1;10/06/2012
552;Shougeki no Kokuhaku: Otohime Ansatsu no Shinjitsu;312;7.3;17/06/2012
553;Shirahoshi no Namida! Luffy Tsui ni Toujou;363;8.1;24/06/2012
554;Dai Gekitotsu! Mugiwara Ichimi VS 10 Man no Teki;1380;9.0;01/08/2012
555;Oowaza Sakuretsu! Zoro Sanji Shutsugeki!;316;7.9;08/08/2012
556;Hatsu Hirou! Sunny Gou no Himitsu Heiki!;310;7.6;15/08/2012
557;Iron Pirate! Franky Shougun Toujou;305;7.6;29/08/2012
558;Noah Sekkin! Gyojintou Kaimetsu no Kiki!;305;7.3;05/08/2012
559;Isoge Luffy! Shirahoshi Zettaizetsumei;304;7.1;12/08/2012
560;Gekitou Kaishi! Luffy Tai Hody!;309;7.3;19/08/2012
561;Dairansen! Ichimi Tai Shin Gyojin Kaizokudan!;311;7.3;26/08/2012
562;Luffy Haiboku!? Hody Fukushuu no Toki;304;7.0;02/09/2012
563;Shougeki no Jijitsu! Hody no Shoutai!;303;6.9;09/09/2012
564;Zero ni! Luffy e no Atsuki Negai!;305;7.2;16/09/2012
565;Luffy Konshin no Ichigeki! Red Hawk Sakuretsu;323;7.7;23/09/2012
566;Tsui ni Kecchaku! Hody Saishuu Kessen;308;7.7;30/09/2012
567;Tomare Noah! Kesshi no Elephant Gatling!;317;7.6;07/10/2012
568;Mirai e! Taiyou e to Tsuzuku Michi!;342;7.7;14/10/2012
569;Akasareta Himitsu: Kodai Heiki no Shinjitsu;316;7.4;21/10/2012
570;Ichimi Kyougaku! Aratanaru Kaigun Gensui!;342;7.9;28/10/2012
571;Okashizuki! Yonkou Big Mom;324;7.9;04/11/2012
572;Zento Tanan: Shin Sekai ni Machiukeru Wana;300;7.6;11/11/2012
573;Tsui ni Shukkou! Sayonara Gyojin-tou;304;7.4;18/11/2012
574;Shin Sekai e! Saikyou no Umi o Mezashite;302;7.3;25/11/2012
575;Z no Yabou Hen: Chiisana Kyojin Lily!;267;6.9;02/12/2012
576;Z no Yabou Hen: Nazo no Saikyou Gundan Toujou!;265;7.0;09/12/2012
577;Z no Yabou Hen: Kesshi no Dai Dasshutsu Sakusen!;268;6.8;16/12/2012
578;Z no Yabou Hen: Luffy VS Shuzo!;290;6.6;23/12/2012
579;Jouriku! Moeru Shima Punk Hazard;328;7.5;06/01/2013
580;Shakunetsu no Tatakai! Luffy Tai Kyodai Ryuu!;317;7.4;13/01/2013
581;Ichimi Souzen! Shougeki no Kubi dake Samurai Toujou!;318;7.2;20/01/2013
582;Kyougaku! Tsui ni Akasareru Shima no Himitsu;315;7.3;27/01/2013
583;Kodomo-tachi o Sukue! Ichimi Sentou Kaishi;312;7.1;03/02/2013
584;Kenjutsu Shoubu: Brook Tai Nazo no Doutai Samurai;305;7.5;10/02/2013
585;Shichibukai! Trafalgar Law;327;7.8;17/02/2013
586;Dai Pinch: Luffy Gokkan no Mizuumi ni Shizumu;317;7.8;03/03/2013
587;Gekitotsu! Law VS Smoker Chuujou;384;8.2;17/03/2013
588;2 Nenburi no Saikai! Luffy to Law;311;7.8;24/03/2013
589;Sekai Saiaku Kyoufu no Kagakusha Caesar;302;7.3;31/03/2013
590;Jijou Saikyou Colabo VS Umi no Taishokukan;352;5.7;07/04/2013
591;Chopper Gekido Master Hidounaru Jikken;309;7.4;14/04/2013
592;Ichimi Massatsu! Densetsu no Koroshiya Raishuu!;306;7.1;21/04/2013
593;Nami o Sukue! Luffy Yukiyama no Tatakai;305;7.6;28/04/2013
594;Kessei! Luffy-Law Kaizoku Doumei!;318;7.8;05/05/2013
595;Master o Toraero: Kaizoku Doumei Sakusen Kaishi!;304;7.4;12/05/2013
596;Zenmetsu no Kiki: Shi no Monster Hirai;300;7.4;19/05/2013
597;Dai-Gekisen: Caesar Shin no Nouryoku Hatsudou!;301;8.0;26/05/2013
598;Honoo Kirisaku Samurai! Kitsunebi no Kin'emon!;299;7.5;02/06/2013
599;Shougeki! Nazo no Otoko Vergo no Shoutai!;308;7.6;09/06/2013
600;Kodomo-tachi o Mamore! Semaru Master no Ma no Te;307;7.3;16/06/2013
601;Shin Sekai Gekishin: Caesar Akumu no Jikken;301;7.2;23/06/2013
602;Shijou Saiaku no Satsuriku Heiki! Shinokuni;299;7.4;30/06/2013
603;Hangeki Kaishi! Luffy-Law Daidasshutsu;304;7.8;07/08/2013
604;Mezase R-tou! Kaizoku Doumei Kaishingeki!;298;7.5;14/08/2013
605;Tashigi no Namida: G-5 Kesshi no Toppa Sakusen;308;7.4;21/08/2013
606;Uragiri no Chuujou! Kichiku no Vergo;302;7.4;28/08/2013
607;Hakunetsu no Gekisen: Luffy VS Caesar;310;8.0;11/08/2013
608;Yami no Kuromaku! Doflamingo Ugoku!;305;7.5;18/08/2013
609;Luffy Toushi!? Kyoufu no Yukionna Monet!;299;7.6;25/08/2013
610;Butsukaru Kobushi! Futari no Chuujou no Tatakai;301;7.4;01/09/2013
611;Chiisana Dragon! Momonosuke Arawaru;299;7.3;08/09/2013
612;Fubuki no Shitou: Mugiwara no Ichimi Tai Yukionna;298;7.5;15/09/2013
613;Ougi Sakuretsu! Zoro Saikyou no Ittou-ryuu!;1279;9.0;22/09/2013
614;Tomodachi o Mamoru! Mocha Inochi-gake no Tousou;318;7.9;29/09/2013
615;Chahige Hitsuu! Luffy Ikari no Ichigeki;308;7.9;06/10/2013
616;Shougeki no Kecchaku! Smoker Tai Vergo!;1384;9.2;13/10/2013
617;Caesar Gekiha! Saikyou no Grizzly Magnum;324;8.1;20/10/2013
618;Shuurai! Dressrosa kara no Shikaku;299;7.6;27/10/2013
619;Ooabare! Muteki no Franky Shougun;303;7.8;03/11/2013
620;Zettai Zetsumei! Punk Hazard Dai-Bakuhatsu;317;7.9;10/11/2013
621;Caesar o Hokaku-seyo - General Canon Sakuretsu;309;7.9;17/11/2013
622;Kandou no Saikai! Momonosuke to Kin'emon;309;7.7;24/11/2013
623;Sekibetsu no Toki - Punk Hazard Shukkou!;310;7.6;01/12/2013
624;G-5 Kaimetsu! Doflamingo Kyuushuu!;457;8.2;08/12/2013
625;Kinpaku! Aokiji tai Doflamingo;377;8.0;15/12/2013
626;Kieta Caesar! Kaizoku Doumei Shutsugeki;270;6.8;22/12/2013
627;Luffy Umi ni Shisu!? Kaizoku Doumei Houkai;270;6.8;05/01/2014
628;Daigyakuten! Sakuretsu Luffy Ikari no Tekken;277;6.7;12/01/2014
629;Gekishin! Shinsekai Ugokasu Dai News;594;8.1;19/01/2014
630;Bouken! Ai to Jounetsu no Kuni Dressrosa;530;7.9;26/01/2014
631;Nekkyou Uzumaku: Corrida Colosseum;571;8.0;02/02/2014
632;Kiken na Koi: Odoriko Violet;522;7.8;09/02/2014
633;Saikyou no Mumei Senshi! Lucy Toujou;517;7.8;16/02/2014
634;Kaizoku Kikoushi Cavendish;519;8.0;23/02/2014
635;Unmei no Saikai: Hyena no Bellamy;524;8.0;02/03/2014
636;Choushinsei! Hitokui no Bartolomeo;536;8.0;16/03/2014
637;Gun'yuu Kakkyo! Hakunetsu no B Block!;515;7.9;23/03/2014
638;Ichigeki Hissatsu! Kyoui no King Punch;539;8.0;30/03/2014
639;Tougyo Shuurai! Shi no Tekkyou o Toppa Seyo;511;7.8;06/04/2014
640;Bouken! Yousei no Shima Green Bit;389;7.5;13/04/2014
641;Shirarezaru Sekai Tontatta Oukoku;394;7.5;20/04/2014
642;Seiki no Bouryaku: Doflamingo Ugoku;803;8.4;27/04/2014
643;Tenchi Yurugasu! Taishou Fujitora no Jitsuryoku;819;8.5;04/05/2014
644;Ikari no Ichigeki! Kyojin vs Lucy;526;8.0;11/05/2014
645;Hakai-hou Sakuretsu! Lucy Kikiippatsu;390;7.6;18/05/2014
646;Densetsu no Kaizoku - Don Chinjao!;1368;9.0;25/05/2014
647;Hikari to Kage - Dressrosa ni Hisomu Yami!;391;7.7;01/06/2014
648;Shutsugeki - Densetsu no Hero Usoland;386;7.7;08/06/2014
649;Gekisen Kecchaku! Lucy VS Chinjao!;811;8.5;15/06/2014
650;Luffy to Shukumei no Ken Toushi Rebecca;521;8.0;22/06/2014
651;Mamorinuku! Rebecca to Omocha no Heitai;513;8.0;29/06/2014
652;Saigo no Chou Gekisen Ku - D Block Kaisen;384;7.7;06/08/2014
653;Kessen! Joura vs Mugiwara no Ichimi;383;7.5;13/08/2014
654;Yoshiken! Hakuba no Cavendish;516;8.0;20/08/2014
655;Dai Kessen! Sanji VS Doflamingo;859;8.5;03/08/2014
656;Rebecca no Shi no Ken! Haisui no Kenbu;504;7.8;10/08/2014
657;Saikyou no Senshi! Logan vs Rebecca;384;7.6;17/08/2014
658;Shougeki! Omocha no Heitai no Shoutai!;511;8.0;24/08/2014
659;Senritsu no Kako! Dressrosa no Himitsu;559;8.2;31/08/2014
660;Akumu! Dressrosa Higeki no Ichiya;562;8.2;07/09/2014
661;Shichibukai Taiketsu Law VS Doflamingo;1381;9.2;14/09/2014
662;Ryouyuu Aimamieru! Mugiwara to Ten Yasha;1364;9.1;21/09/2014
663;Luffy Kyougaku: Ace no Ishi o Tsugu Otoko;1956;9.4;28/09/2014
664;SOP Sakusen Kaishi: Usoland Totsugeki;386;7.7;05/10/2014
665;Atsuki Omoi - Rebecca vs. Suleiman;380;7.6;12/10/2014
666;Shousha Kettei!? D Block Shougeki no Ketsumatsu;501;7.9;19/10/2014
667;Taishou no Ketsudan - Fujitora vs. Doflamingo;524;7.9;26/10/2014
668;Kesshou Kaishi: Eiyuu Diamante Toujou;503;7.8;02/11/2014
669;Ugoku Shiro! Saikou Kanbu Pica Shutsugen;498;7.7;09/11/2014
670;Ryuu no Tsume Sakuretsu! Lucy Kyoui no Ichigeki!;548;8.1;16/11/2014
671;Tatou Sugar: Kodomo no Heitai Totsugeki!;495;7.8;23/11/2014
672;Saigo no Hikari: Warera ga Taichou no Himitsu!;510;7.9;30/11/2014
673;Panku Ningen: Gladius Dai Bakuhatsu!;493;7.8;07/12/2014
674;Usotsuki Usoland Tousouchuu!;557;8.0;14/12/2014
675;Unmei no Deai: Kyros to Riku Ou;802;8.4;21/12/2014
676;Sakusen Shippai! Eiyuu Usoland Shisu!?;840;8.6;28/12/2014
677;Densetsu Fukkatsu! Kyros Konshin no Ichigeki;1519;9.3;11/01/2015
678;Kaken Sakuretsu! Fukkatsu Meramera no Mi no Chikara;1550;9.3;18/01/2015
679;Sassou Toujou: Kakumeigun Sanbou Souchou Sabo!;823;8.5;25/01/2015
680;Akuma no Wana: Dressrosa Senmetsu Sakusen;842;8.6;01/02/2015
681;Go-oku no Otoko: Nerawareta Usoland!;559;8.1;08/02/2015
682;Tekijin Toppa: Luffy Zoro Hangeki Kaishi;392;7.7;15/02/2015
683;Daichi Meidou: Hakai Kami Kyoudai Pica Kourin;545;8.0;01/03/2015
684;Daishuuketsu! Luffy to Kyouaku Senshi Gundan;514;7.9;15/03/2015
685;Kaishingeki! Luffy Gundan vs Pica!;560;8.1;22/03/2015
686;Shougeki Kokuhaku! Law Atsuki Tamashii no Chikai!;543;8.0;29/03/2015
687;Daigekitotsu! Sanbou Souchou Sabo vs Taishou Fujitora;896;8.6;05/04/2015
688;Zettaizetsumei: Wana ni Kakatta Luffy!;521;7.8;12/04/2015
689;Daidasshutsu! Luffy Kishikaisei no Elephant Gun;545;7.9;19/04/2015
690;Kyoudousensen: Luffy Shouri e no Toppakou;398;7.6;26/04/2015
691;Futarime no Samurai: Yuudachi Kanjuurou Toujou;391;7.6;03/05/2015
692;Funtou to no Pica: Zoro Ichi Todome no Ichigeki;825;8.4;10/05/2015
693;Kobito no Hime: Toraware no Mansherry;391;7.5;17/05/2015
694;Fujimi! Kyoufu no Atamawari Ningyou Gundan;391;7.4;24/05/2015
695;Inochi Kakete! Luffy wa Shouri no Kirifuda;552;8.1;31/05/2015
696;Namida no Saikai: Rebecca to Kyros;851;8.5;07/06/2015
697;Ichigeki Hissatsu: Dressrosa o Sukuu Otoko;1375;9.2;14/06/2015
698;Ikari Bakuhatsu: Luffy Law Saikyou no Hisaku;1730;9.4;21/06/2015
699;Kedakaki Ichizoku! Doflamingo no Shoutai!;1366;9.2;28/06/2015
700;Kyuukyoku no Chikara: Op-Op no Jitsu no Himitsu!;1305;9.0;05/08/2015
701;Kanashiki Kioku: Shiroi Machi no Shounen Law!;1391;9.2;12/08/2015
702;Tenryuubito! Doffy no Souzetsu Naru Kako;1386;9.2;19/08/2015
703;Kunan no Michi: Law to Corazon Inochi no Tabi;1624;9.3;02/08/2015
704;Toki Sameru! Op-Op no Mi o Ubae!;1430;9.2;09/08/2015
705;Kakugo no Toki: Corazon Wakare no Egao!;1565;9.3;16/08/2015
706;Yuke Law: Yasashiki Otoko Saigo no Tatakai!;2350;9.6;23/08/2015
707;Jiyuu e! Law Injection Shot Sakuretsu;766;8.4;30/08/2015
708;Atsuki Tatakai: Law vs Doflamingo;1385;9.2;06/09/2015
709;Kanbu Kessen: Hokori Takaki Hajrudin;510;7.9;13/09/2015
710;Ai no Kessen: Shintouryou Sai tai Baby 5;561;8.1;20/09/2015
711;Otoko no Iji: Bellamy Saigo no Totsugeki!;537;7.9;27/09/2015
712;Shippuudotou: Hakuba tai Dellinger;783;8.4;04/10/2015
713;Baribari: Homage Shinken Hatsudou!;1010;8.8;11/10/2015
714;Iyashi no Hime: Mansherry o Sukue!;506;7.8;18/10/2015
715;Otoko no Kettou: Senor Ai no Banka;1383;9.1;25/10/2015
716;Shi no Hoshikuzu: Diamante Moukou no Arashi;1070;8.8;01/11/2015
717;Trueno Bastardo: Kyros Ikari no Ichigeki;1012;8.7;08/11/2015
718;Daichi Oudan: Kyozou Pica Kishuu Sakusen!;843;8.4;15/11/2015
719;Kuuchuu Kessen: Zoro Shin Hissastsu Ougi Sakuretsu!;2056;9.5;22/11/2015
720;Abayo! Bellamy Wakare no Ichigeki!;1310;9.0;29/11/2015
721;Law Shisu: Luffy Fundo no Moukougeki!;1306;9.1;06/12/2015
722;Shuunen no Yaiba: Gyakushuu no Gamma Knife!;1374;9.2;13/12/2015
723;Haki Gekitotsu: Luffy tai Doflamingo;1984;9.4;20/12/2015
724;Kougeki Funou: Trebol Shougeki no Himitsu;1,3;9.0;27/12/2015
725;Ikari Bakuhatsu: Ore ga Zenbu Hikiukeru;1557;9.3;10/01/2016
726;Gear Fourth! Kyoui no Bounce Man!;2424;9.6;17/01/2016
727;Daigyakushuu! Doflamingo no Kakusei!;1103;8.8;24/01/2016
728;Luffy! Konshin no Leo Bazooka;1595;9.3;31/01/2016
729;Kaen Ryuuou: Luffy no Inochi o Mamorinuke;1044;8.7;14/02/2016
730;Kiseki no Namida: Mansherry no Tatakai!;511;7.8;21/02/2016
731;Inochi no Kagiri: Shi no Tori Kago o Tomero!;402;7.6;28/02/2016
732;Sei ka Shi ka: Unmei no Countdown;556;8.0;06/03/2016
733;Ten o Utsu: Luffy Ikari no King Kong Gun;1705;9.4;20/03/2016
734;Jiyuu e! Yorokobi no Dressrosa!;417;7.7;27/03/2016
735;Zendaimimon: Taishou Fujitora Shougeki no Ketsudan!;826;8.4;03/04/2016
736;Gekishin Hashiru: Ugokidasu Saiaku no Sedai!;1355;9.1;10/04/2016
737;Densetsu Tanjou: Kakumei Senshi Sabo no Bouken!;1002;8.7;17/04/2016
738;Kyoudai no Kizuna: Luffy Sabo Saikai Hiwa;1318;9.0;24/04/2016
739;Saikyou no Seibutsu: Yonkou - Hyakujuu no Kaidou;1523;9.2;01/05/2016
740;Fujitora Ugoku: Mugiwara no Ichimi Kanzen Houimou;515;7.8;08/05/2016
741;Hijoujitai: Sarawareta Rebecca!;513;7.7;15/05/2016
742;Oyako no Kizuna: Kyros to Rebecca!;404;7.7;22/05/2016
743;Otoko no Iji: Luffy tai Fujitora Makkou Shoubu;1325;9.1;29/05/2016
744;Nigeba Nashi: Taishou Fujitora Hijou no Tsuigeki!;1368;9.2;05/06/2016
745;Kobun no Sakazuki: Kessei! Mugiwara Daisendan!;1380;9.1;12/06/2016
746;Gun'yuukakyo: Arekuruu Shinsekai no Kaibutsu-tachi;1039;8.8;19/06/2016
747;Gin no Yousai: Luffy to Barto Daibouken;271;6.5;26/06/2016
748;Chika Meikyuu: Luffy tai Torokko Ningen;278;6.3;03/08/2016
749;Kengi Hakunetsu: Law Zoro Tsui ni Kenzan!;276;6.4;10/08/2016
750;Zettaizetsumei: Luffy Kyokugen no Shakunetsu Kessen;267;6.5;17/08/2016
751;"Bouken Kaimaku: Maboroshi no Shima ""Zou"" Touchaku!";295;7.2;31/08/2016
752;Shin Shichi Bukai: Densetsu Shirohige no Musuko Toujou;303;7.8;07/08/2016
753;Kesshi no Tozou: Kyozou no Se no Daibouken!;303;7.4;21/08/2016
754;Sentou Kaishi: Luffy vs Mink-zoku!;294;7.6;28/08/2016
755;Garchuu! Mugiwara no Ichimi Saishuuketsu;304;7.5;04/09/2016
756;Hangeki Kaishi: Guruwara no Ichimi Daikatsuyaku!;299;7.5;11/09/2016
757;Kyoui Shuurai: Hyakujuu Kaizokudan Jack!;301;7.6;25/09/2016
758;Hiru no Ou: Inuarashi Koushaku Toujou!;305;7.5;02/10/2016
759;Yoru no Ou: Nekomamushi no Danna Kenzan;462;7.9;09/10/2016
760;Shuto Kaimetsu: Guruware no Ichimi Jouriku!;456;7.9;16/10/2016
761;Limit Semaru: Mink-zoku to Ichimi no Kizuna!;359;7.7;23/10/2016
762;Akudou Kikyou: Yonkou Big Mom no Shikaku;503;8.0;30/10/2016
763;Shissou no Shinjitsu: Sanji Kyougaku no Shoutaijou;819;8.4;06/11/2016
764;Yarou Domo e: Sanji Wakare no Okitegami;871;8.5;13/11/2016
765;Nekomamushi no Danna ni Ai ni Ikou;344;7.3;20/11/2016
766;Luffy Ketsudan: Sanji Dattai no Kiki!;487;7.7;27/11/2016
767;Isshokusokuhatsu: Inu to Neko to Samurai!;1407;9.1;04/12/2016
768;Sanninme! Ninja Kiri no Raizou Toujou;502;7.8;11/12/2016
769;"Akai Ishi! ""One Piece"" e no Michishirube";1052;8.7;18/12/2016
770;Wano Kuni no Himitsu: Kouzuki-ke to Rekishi no Ponegliffs;1335;9.1;25/12/2016
771;Okoto no Chikai: Luffy to Kouzuki Momonosuke;323;8.0;08/01/2017
772;Densetsu no Koukai: Inu to Neko to Kaizokuou!;311;7.9;15/01/2017
773;Akumu Futatabi: Fujimi no Jack Kyoushuu;309;8.0;22/01/2017
774;Zou Boueisen: Luffy to Zunesha!;316;8.0;29/01/2017
775;Zunesha o Sukue: Mugiwara Rescue Daisakusen!;298;7.2;05/02/2017
776;Wakare no Gezou: Sanji Dakkan no Funade!;295;7.5;12/02/2017
777;Reverie e: Oujo Vivi to Shirahoshi-hime;296;6.9;19/02/2017
778;Reverie e: Rebecca to Sakura Oukoku;296;7.1;26/02/2017
779;Kaidou Futatabi: Kyoui Semaru Saiaku no Sedai!;301;7.8;05/03/2017
780;Harapeko Sensen: Luffy to Kaigun Rookie!;266;7.0;19/03/2017
781;Shuunen no 3 Nin: Mugiwara Ichimi Dai Chase!;267;7.0;26/03/2017
782;Akuma no Kobushi: Kessen! Luffy tai Grant;273;7.1;02/04/2017
783;Sanji Kikyou: Big Mom no Nawabari e!;536;7.8;09/04/2017
784;Rei to Yon: Souguu! Germa Double Six;539;7.8;16/04/2017
785;Moudoku no Kiki: Luffy to Reiju!;1;8.6;23/04/2017
786;Totto Land! Yonkou Big Mom Toujou;553;8.0;30/04/2017
787;Yonkou no Musume: Sanji no Fiancee Purin;538;7.8;07/05/2017
788;Dai Shingeki! Kui Wazurai no Mom;509;7.6;14/05/2017
789;Shuto Houkai!? Big Mom to Jinbee;539;7.9;21/05/2017
790;Yonkou No Shiro: Whole Cake Island Touchaku;534;7.8;28/05/2017
791;Okashi na Mori: Luffy tai Luffy!?;394;7.4;04/06/2017
792;Mom no Shikaku: Luffy to Yuuwaku no Mori!;391;7.5;11/06/2017
793;Kaiyuu Kokka: Germa no Ou Judge;552;8.1;18/06/2017
794;Oyako Taiketsu: Judge tai Sanji!;545;8.0;25/08/2017
795;Kyoudai na Yabou: Big Mom to Caesar;508;7.7;02/08/2017
796;Tamashii no Kuni: Mom no Osorubeki Nouryoku!;500;7.7;09/08/2017
797;Daikanbu! Sanshousei Cracker Toujou!;535;7.9;16/08/2017
798;8 Oku no Teki: Luffy tai Senshu no Cracker;832;8.4;23/08/2017
799;Zenryoku Shoubu: Gear Fourth tai Bisbis no Chikara;988;8.6;30/08/2017
800;Ichi to Ni: Shuuketsu! Vinsmoke-ke;982;8.7;06/08/2017
801;Onjin no Inochi: Sanji to Owner Zeff;822;8.4;13/08/2017
802;Ikari no Sanji: Germa Double Six no Himitsu;1271;9.0;20/08/2017
803;Suteta Kako: Vinsmoke Sanji;1360;9.2;27/08/2017
804;East Blue e: Sanji Ketsui no Funade;2036;9.5;03/09/2017
805;Genkai Shoubu: Luffy to Mugen Biscuit;1303;9.0;17/09/2017
806;Manpuku no Chikara: Shin Gear Fourth Tan Man!;1562;9.2;24/09/2017
807;Kanashiki Kettou: Luffy tai Sanji (Zenpen);1141;8.5;01/10/2017
808;Kanashiki Kettou: Luffy tai Sanji (Kouhen);4257;9.8;01/10/2017
809;Fukushuu no Arashi: Ikari no Gundan Shuurai!;1369;9.1;15/10/2017
810;Bouken no Owari: Sanji Ketsui no Propose;1362;9.1;22/10/2017
811;Koko de Matsu: Luffy tai Ikari no Gundan;1324;9.1;29/10/2017
812;Chateau Sennyuu: Ubae! Road Ponegliff;1305;9.0;05/11/2017
813;Innnen no Taimen: Luffy to Big Mom!;1002;8.7;12/11/2017
814;Tamashii no Sakebi: Brook & Pedro Dengeki Sakusen;1005;8.6;19/11/2017
815;Sayonara: Purin Namida no Ketsui;1296;9.0;26/11/2017
816;Hidari Me no Innen: Pedro tai Tamago-Danshaku;1333;9.2;03/12/2017
817;Shikemoku: Sanji no Kekkon Zen'ya;2105;9.5;10/12/2017
818;Fukutsu no Soul: Brook tai Big Mom;1418;9.2;17/12/2017
819;Sora no Negai: Germa no Shippaisaku Sanji;1391;9.2;24/12/2017
820;Sanji no Moto e: Luffy Gyakushuu no Dai Gekisou!;1333;9.1;07/01/2018
821;Chateau Douran: Luffy Yakusoku no Basho e;1008;8.6;14/01/2018
822;Wakare no Ketsui: Sanji to Mugiwara Bentou;561;7.9;21/01/2018
823;Yonkou no Negaeri: Brook Kyuushutsu Daisakusen!;871;8.4;28/01/2018
824;The Rendezvous! Luffy, a One-on-One at His Limit!;1040;8.8;04/02/2018
825;A Liar! Luffy and Sanji!!;1720;9.4;11/02/2018
826;Sanji Comes Back! Crash! The Tea Party from Hell!;1271;9.0;18/02/2018
827;A Secret Meeting! Luffy vs. the Fire Tank Pirates!;550;7.8;04/03/2018
828;The Deadly Pact! Luffy & Bege's Allied Forces!;915;8.5;18/03/2018
829;Luffy Engages in a Secret Maneuver! The Wedding Full of Consp...;547;8.0;25/03/2018
830;The Family Gets Together! The Hellish Tea Party Starts!;1096;8.8;01/04/2018
831;The Broken Couple! Sanji and Pudding Enter!;552;7.9;08/04/2018
832;A Deadly Kiss! The Mission to Assassinate the Emperor Kicks Off!;1378;9.2;15/04/2018
833;Returning the Sake Cup! The Manly Jimbei Pays His Debt!;1982;9.5;22/04/2018
834;The Mission Failed?! The Big Mom Pirates Strike Back!;1299;9.2;29/04/2018
835;Run, Sanji! SOS! Germa 66!;1287;9.1;06/05/2018
836;Mom's Secret! The Giant's Island Elbaph and a Little Monster!;556;8.0;13/05/2018
837;The Birth of Mom! The Day That Carmel Vanished!;1267;9.0;20/05/2018
838;The Launcher Blasts! The Moment of Big Mom's Assassination!;558;8.1;27/05/2018
839;The Evil Army! Transform! Germa 66!;923;8.5;03/06/2018
840;Cutting the Father-Son Relationship! Sanji and Judge!;548;7.9;10/06/2018
841;Escape From the Tea Party! Luffy vs. Big Mom!;980;8.7;17/06/2018
842;"The Execution Begins! Luffy's Allied Forces Are Annihilated?!""";984;8.7;24/06/2018
843;The Chateau Collapses! The Straw Hat's Great Escape Begins!;549;7.8;01/08/2018
844;The Spear of Elbaph! Onslaught! The Flying Big Mom!;521;7.7;08/08/2018
845;Pudding's Determination! Ablaze! The Seducing Woods!;547;7.9;15/08/2018
846;A Lightning Counterattack! Nami and Zeus the Thundercloud!;552;7.9;22/08/2018
847;A Coincidental Reunion! Sanji and the Lovestruck Evil Pudding!;549;7.8;29/08/2018
848;Save the Sunny! Fighting Bravely! Chopper and Brook!;556;7.8;05/08/2018
849;Before the Dawn! Pedro, the Captain of the Guardians!;1813;9.4;12/08/2018
850;I'll Be Back! Luffy, Deadly Departure!;1829;9.4;19/08/2018
851;The Man with a Bounty of Billion! The Strongest Sweet General...;1286;9.1;26/08/2018
852;A Hard Battle Starts! Luffy vs. Katakuri!;1309;9.1;02/09/2018
853;The Green Room! An Invincible Helmsman, Jimbei!;980;8.6;16/09/2018
854;The Threat of the Mole! Luffy's Silent Fight!;1271;9.0;22/09/2018
855;The End of the Deadly Battle?! Katakuri's Awakening in Anger!;984;8.7;30/09/2018
856;The Forbidden Secret! Katakuri's Merienda!;1766;9.4;07/10/2018
857;Luffy Fights Back! The Invincible Katakuri's Weak Point!;1271;9.1;14/10/2018
858;Another Crisis! Gear Four vs. Unstoppable Donuts!;565;7.9;21/10/2018
859;The Rebellious Daughter, Chiffon! Sanji's Big Plan for Transp...;403;7.6;28/10/2018
860;A Man's Way of Life! Bege and Luffy's Determination as Captains;502;7.9;04/11/2018
861;The Cake Sank?! Sanji and Bege's Getaway Battle!;419;7.7;11/11/2018
862;Sulong! Carrot's Big Mystic Transformation!;1430;9.2;18/11/2018
863;Break Through! The Straw Hat's Mighty Sea Battle!;566;8.1;25/11/2018
864;Finally Clash - Yonko VS Straw Hat Crew;1266;9.0;09/12/2018
865;Dark King's Direct Precepts! The Battle Against Katakuri Turn...;978;8.7;16/12/2018
866;Finally He Returns! Sanji, the Man Who'll Stop the Emperor of...;570;8.0;23/12/2018
867;Lurking in the Darkness! An Assassin Targeting Luffy!;1030;8.7;06/01/2019
868;One Man's Determination! Katakuri's Deadly Big Fight!;2230;9.5;13/01/2019
869;Wake Up! The Color of Observation Able to Top the Strongest!;1701;9.3;20/01/2019
870;A Fist of Divine Speed! Another Gear Four Application Activated!;4068;9.7;27/01/2019
871;Finally Concluded - An Outcome of the Fierce Battle with Kata...;2002;9.4;03/02/2019
872;A Desperate Situation! The Iron-Tight Entrapment of Luffy!;1308;9.0;10/02/2019
873;Pulling Back from the Brink! The Formidable Reinforcements - ...;1357;9.1;17/02/2019
874;The Last Hope! The Sun Pirates Emerge!;1018;8.7;24/02/2019
875;A Fascinating Taste - Sanji's Cake of Happiness;1049;8.7;03/03/2019
876;The Man of Humanity and Justice - Jinbe, a Desperate Massive ...;1326;9.1;17/03/2019
877;Time for Farewell! Pudding's One Last Request!;2154;9.4;24/03/2019
878;The World in Shock! The Fifth Emperor of the Sea Arrives!;1117;8.6;31/03/2019
879;To the Levely! Gathering of the Straw Hat Allies!;357;7.6;07/04/2019
880;Sabo Goes into Action! All the Captains of the Revolutionary ...;354;7.7;14/04/2019
881;Going into Action! The Implacable New Admiral of the Fleet - ...;431;6.1;21/04/2019
882;The Paramount War! The Inherited Will of the King of the Pira...;379;6.3;28/04/2019
883;One Step Ahead of the Dream - Shirahoshi's Path to the Sun!;351;6.5;05/05/2019
884;I Miss Him! Vivi and Rebecca's Sentiments!;357;6.5;12/05/2019
885;In the Dark Recesses of the Holyland! A Mysterious Giant Stra...;407;7.3;19/05/2019
886;The Uproarious Holy Land - Princess Shirahoshi is being targe...;382;7.1;26/05/2019
887;On the Verge - The Two Yonko Targeting Luffy;873;8.3;02/06/2019
888;Sabo Gets Angry - Tragedy of the Revolutionary Army Officer Kuma;363;7.8;09/06/2019
889;Finally, It Starts! The Conspiracy-filled Reverie!;370;7.5;16/06/2019
890;Marco! The Keeper of Whitebeard's Last Memento!;356;7.3;23/06/2019
891;Climbing Up a Waterfall! A Great Journey Through the Land of ...;1234;8.8;30/06/2019
892;Wano Country! To the Land of Dancing Sakura and Samurai;2217;9.4;07/08/2019
893;Otama Appears! Luffy vs. Kaido's Army!;1536;9.1;14/08/2019
894;He'll Come! The Legend of Ace in the Land of Wano!;1588;9.2;21/08/2019
895;Side Story! The World's Greatest Bounty Hunter, Cidre!;322;6.0;28/08/2019
896;Side Story! Clash! Luffy vs. the King of Carbonation!;323;5.8;04/08/2019
897;Save Otama! Straw Hat, Bounding through the Wasteland!;1322;8.9;11/08/2019
898;The Headliner! Hawkings the Magician Appears!;1106;8.7;18/08/2019
899;Defeat is Inevitable! The Strawman's Fierce Attack!;1743;9.3;25/08/2019
900;The Greatest Day of My Life! Otama and Her Sweet Red-bean Soup!;1087;8.7;01/09/2019
901;Entering Enemy Territory! The Protagonists Spread into the To...;568;7.7;08/09/2019
902;The Yokozuna Appears! The Invincible Urashima Goes After Okiku!;567;7.7;15/09/2019
903;A Climactic Sumo Battle! Straw Hat vs. the Strongest Ever Yok...;491;7.1;22/09/2019
904;Luffy Rages! Rescue Otama from Danger!;458;7.1;29/09/2019
905;Fighting for Otama! Fight against Holdem!;1061;8.6;06/10/2019
906;Duel! The Magician and the Surgeon of Death!;1064;8.6;13/10/2019
907;Romance Dawn;359;6.0;20/10/2019
908;The Coming of the Treasure Ship! Luffytaro Returns the Favor!;1089;8.7;27/10/2019
909;Nazo no Bohyo - Oden Joseki de no Saikai!;1442;9.1;10/11/2019
910;A Legendary Samurai! The Man Who Roger Admired!;1376;9.0;17/11/2019
911;Bringing Down the Emperor of the Sea! A Secret Raid Operation...;871;8.3;24/11/2019
912;The Strongest Man in the World! Shutenmaru, the Thieves Briga...;1897;9.3;01/12/2019
913;Everyone is Annihilated! Kaido's Furious Blast Breath!;1834;9.3;08/12/2019
914;Finally Clashing! The Ferocious Luffy vs. Kaido!;2560;9.6;15/12/2019
915;Hakai-teki! Ichigeki Hissatsu no Raimei Hakke!;2243;9.5;22/12/2019
916;Iki-jigoku! Rufi Kutsujoku no Dai Tankutsu-jo;1470;9.0;05/01/2020
917;The Holyland in Tumult! Emperor of the Sea Blackbeard Cackles!;1747;9.1;12/01/2020
918;Ugokidasu - Dato Kaido Daikeikaku!;919;8.1;19/01/2020
919;Rampage! The Prisoners - Luffy and Kid!;942;8.2;26/01/2020
920;Dai Hyoban! Sanji no Ohako Soba!;662;7.6;02/02/2020
921;Goka Kenran - Wano Kuni Ichi no Bijo: Komurasaki;578;6.9;09/02/2020
922;A Tale of Chivalry! Zoro and Tonoyasu's Little Trip!;947;8.1;16/02/2020
923;A State of Emergency! Big Mom Closes in!;935;8.3;23/02/2020
924;The Capital in an Uproar! Another Assassin Targets Sanji!;1626;9.1;15/03/2020
925;Dashing! The Righteous Soba Mask!;1574;9.2;22/03/2020
926;Zettai Zetsumei - Kyoi no Orochi Oniwabanshu;656;7.8;29/03/2020
927;Shura-jo! Osoreru Daija Shogun Orochi;517;7.5;05/04/2020
928;The Flower Falls! The Final Moment of the Most Beautiful Woma...;521;7.5;12/04/2020
929;The Bond Between Prisoners! Luffy and Old Man Hyo!;521;7.5;19/04/2020
930;A Lead Performer! Queen the Plague Emerges!;609;7.7;28/06/2020
931;Goes up. Luffy's Desperate Escape!;516;7.5;05/08/2020
932;Dead or Alive! Queen's Sumo Inferno!;684;7.9;12/08/2020
933;Gyukimaru! Zoro Fights a Duel on Bandit's Bridge;1522;9.0;19/08/2020
934;A Big Turnover! The Three-Sword Style Overcomes Danger!;2269;9.4;26/08/2020
935;Zoro, Stunned! The Shocking Identity of the Mysterious Woman!;674;8.0;02/08/2020
936;Get the Hang of It! The Land of Wano's Haki - Ryuo!;671;7.9;09/08/2020
937;Tonoyasu! Ebisu's most beloved!;662;7.8;16/08/2020
938;Shaking the nation. The identity of Ushimitsu Kozo;529;7.7;23/08/2020
939;The Straw Hats are running! Save the captive Tonoyasu;1414;9.0;30/08/2020
940;Zoro's Fury! The Truth About the Smile!;2002;9.4;06/09/2020
941;Toko's Tears! Orochi's Pitiless Bullets!;1544;9.1;13/09/2020
942;The Straw Hats Step In! An Uproarious Deadly Battle at the Ex...;1470;9.0;20/09/2020
943;Luffy's Determination! Win Through the Sumo Inferno!;1150;8.7;27/09/2020
944;The Coming of the Storm! Big Mom's Great Rampage!;675;7.7;04/10/2020
945;A Grudge Over Oshiruko - Luffy Gets into a Desperate Situation;1232;8.7;11/10/2020
946;Stop the Emperor of the Sea! Queen's Secret Plan!;683;7.7;18/10/2020
947;The Ultimate Weapon! Excite Bullets Aimed at Luffy;683;7.6;25/10/2020
948;Start Fighting Back! Luffy and the Red Scabbard Samurai!;704;7.7;01/11/2020
949;We're Here to Win! Luffy's Desperate Scream!;1624;9.1;08/11/2020
950;Warriors' Dream! Luffy's Conquer of Udon!;1596;9.0;15/11/2020
951;Orochi's Pursuers! Ninja Army Corps vs. Zoro;1093;8.2;22/11/2020
952;Tension Rises in Onigashima! Two Emperors of the Sea Meet?!;1327;8.7;29/11/2020
953;Hiyori's Confession! Reunion on Oihagi Bridge;1418;8.7;06/12/2020
954;Its Name is Enma! Oden's Meito!;1294;8.5;13/12/2020
955;A New Alliance?! Kaido's Army Gathers;1225;8.1;20/12/2020
956;Ticking Down to the Great Battle! The Straw Hats Go into Comb...;1927;9.1;27/12/2020
957;Big News! The Warlords Attack Incident;7267;9.6;10/01/2021
958;The Legendary Battle! Garp and Roger;4836;9.5;17/01/2021
959;The Promised Port - Opening of Third Act of Wano Country!;3102;9.0;24/01/2021
960;The Greatest Samurai of Wano Country! Kozuki Oden Appears!;3134;8.9;31/01/2021
961;The Crying Apprentice! Oden and Kin'emon!;2972;9.0;07/02/2021
962;Changing Destiny - The Whitebeard Pirates Cast Ashore!;3218;9.3;14/02/2021
963;Oden's Determination! Whitebeard's Trials!;3737;9.4;21/02/2021
964;Whitebeard's Little Brother! Oden's Great Adventure!;3118;9.3;28/02/2021
965;Blades Crossed! Roger and Whitebeard!;5494;9.7;07/03/2021
966;Roger's Wish! A New Journey!;3782;9.5;21/03/2021
967;Devoting His Life! Roger's Adventure;3641;9.5;28/03/2021
968;The Pirate King is Born: Arriving at the Last Island!;8704;9.8;04/04/2021
969;To Wano Country! The Roger Pirates Disband;3190;9.4;11/04/2021
970;Sad News: The Opening of the Great Pirate Era;2719;9.1;18/04/2021
971;Raid! Oden and the Nine Red Scabbards;2805;9.2;25/04/2021
972;The Moment of Conclusion! Oden vs. Kaido!;4004;9.5;02/05/2021
973;Sentenced to Boil! Oden's Deadly Hour!;3233;9.4;09/05/2021
974;Oden Wouldn't Be Oden If It Wasn't Boiled!;5035;9.7;16/05/2021
975;The Castle on Fire! The Fate of the Kozuki Clan!;3232;9.4;23/05/2021
976;Back to the Present Day! 20 Years Later!;2817;9.2;30/05/2021
977;The Sea Is For Pirates! Raid! To Onigashima;3603;9.5;06/06/2021
978;The Worst Generation Charges in! The Battle of the Stormy Sea;3762;9.5;13/06/2021
979;Good Luck!? Leader Kin'emon's Plot;2579;9.0;20/06/2021
980;A Tearful Promise! The Kidnapped Momonosuke!;2431;9.1;27/06/2021
981;A New Member! Knight of the Sea Jinbe!;2671;9.1;04/08/2021
982;Kaido's Trump Card - Introducing the Tobi Roppo;8450;9.6;11/08/2021
983;The Samurai Warriors' Earnestness! The Straw Hats Land at Oni...;2050;8.5;18/08/2021
984;Luffy Goes Out of Control?! Sneaking into Kaido's Banquet;1599;7.5;25/08/2021
985;Thinking of O-Tama - Luffy's Furious Strike;1406;7.8;01/08/2021
986;Fighting Music! The Ability to Attack Luffy!;1286;7.6;08/08/2021
987;The Failing Dream? The Plot to Lure Sanji!;1502;8.2;15/08/2021
988;Arrival of Reinforcements! Captain of the Whitebeard Pirates!;2092;9.0;22/08/2021
989;Oath of Man! Fierce Battle of the Brachiotank;1529;8.3;29/08/2021
990;Thunder Bagua! The Appearance of Kaido's Son;2116;9.0;05/09/2021
991;Enemy or Ally? Luffy and Yamato!;1386;7.9;12/09/2021
992;Desire to be Oden! Yamato's Dream!;2160;8.9;19/09/2021
993;Explosive?! The Handcuffs that Shackle Yamato's Freedom!;1318;7.7;26/09/2021
994;The Scabbards Face-off - Kikunojo vs. Kanjuro;2358;9.1;03/10/2021
995;Raid! Inheriting Oden's Will;3593;9.6;10/10/2021
996;Onigashima in Tumult! Luffy's All-Out War Begins!;2332;9.3;24/10/2021
997;The Battle Under the Moon! The Berserker, Sulong the Moon Lion!;2129;9.0;31/10/2021
998;Zeus' Treason?! The Cornered Nami!;2130;9.0;07/11/2021
999;I'll Protect You! Yamato Meets Momonosuke!;1597;8.2;14/11/2021
1000;Overwhelming Strength! The Straw Hats Come Together!;4401;9.3;21/11/2021
1001;A Risky Invitation! A Plot to Eliminate Queen!;2638;9.0;28/11/2021
1002;A New Rivalry! Nami and Ulti!;1674;7.7;05/12/2021
1003;A Heroic Blade! Akazaya vs. Kaido, Again Once More!;2372;8.2;12/12/2021
1004;An Inherited Technique! Unleashing Oden's Secret Swordplay!;3545;8.5;19/12/2021
1005;The Power of Ice Oni! A New Version of the Plague Rounds!;4988;6.3;09/01/2022
1006;I Won't Forgive Him! Chopper's Determination!;3939;6.3;16/01/2022
1007;Zoro's Pursuit! Ice Oni Tag!;2751;6.2;23/01/2022
1008;Nami Surrenders?! Ulti's Fierce Headbutt!;2,1;6.9;30/01/2022
1009;Sasaki's Onslaught! Armored Division vs. Yamato!;1877;6.7;06/02/2022
1010;Eliminate the Ice Oni! Chopper's Fire Trick!;1611;7.8;13/02/2022
1011;It's Not Okay! The Spider Lures Sanji!;1172;7.7;20/02/2022
1012;A Turnaround Move! The Flames of Marco the Phoenix!;1282;7.5;27/02/2022
1013;Yamato's Past! The Man Who Came for an Emperor of the Sea!;2117;8.8;06/03/2022
1014;Marco's Tears! The Bond of the Whitebeard Pirates!;1776;8.2;17/04/2022
1015;Straw Hat Luffy! The Man Who Will Become the King of the Pira...;21188;9.7;24/04/2022
1016;The Battle of the Monsters! The Three Stubborn Captains!;3042;9.2;08/05/2022
1017;Barrage of Powerful Techniques! The Fierce Attacks of the Wor...;6653;9.8;15/05/2022
1018;Kaido Laughs! The Emperors of the Sea vs. the New Generation!;1935;9.0;22/05/2022
1019;Otama's Secret Plan! Operation Kibi Dango!;827;7.7;29/05/2022
1020;Sanji's Scream! An SOS Echoes Over the Island!;683;7.8;05/06/2022
1021;Spank Strikes! Sanji's Woman-trouble!;628;7.8;12/06/2022
1022;No Regrets! Luffy and Boss, a Master-Disciple Bond!;608;7.8;19/06/2022
1023;All Set! Chopperphage Nebulizer!;555;7.6;03/08/2022
1024;Oden Appears! The Confused Hearts of the Akazaya Members;655;7.8;10/08/2022
1025;The Worst Generation Gets Wiped Out?! The Emperors' Deadly At...;1627;9.1;17/08/2022
1026;The Supernovas Strike Back! The Mission to Tear Apart the Emp...;2109;9.5;24/08/2022
1027;Defend Luffy! Zoro and Law's Sword Technique!;2051;9.5;31/08/2022
1028;Surpass the Emperor of the Sea! Luffy Strikes Back with an Ir...;2427;9.7;07/08/2022
1029;A Faint Memory! Luffy and Red-Haired's Daughter Uta!;494;7.1;14/08/2022
1030;The Oath of the New Era! Luffy and Uta!;461;7.7;21/08/2022
1031;Nami's Scream - The Desperate Death Race!;517;7.7;04/09/2022
1032;The Dawn of the Land of Wano - The All-Out Battle Heats Up!;478;7.4;11/09/2022
1033;The Conclusion! Luffy's Accelerating Fist of the Supreme King;2232;9.6;18/09/2022
1034;Luffy Defeated! The Straw Hats in Jeopardy?!;446;7.7;25/09/2022
1035;The Animal Kingdom Pirates Trample Down! The End of the Kozuk...;455;7.6;02/10/2022
1036;Fight Against the Dark Night - The Commander-in-Chief of Wano...;1283;9.1;16/10/2022
1037;Believe in Luffy! The Alliance's Counterattack Begins!;396;7.1;23/10/2022
1038;Nami's Lethal Attack! O-Tama's Desperate Challenge!;598;8.3;30/10/2022
1039;A Dramatic Increase of Allies! Straw Hats Fight Back!;406;7.6;06/11/2022
1040;A Helmsman's Pride - An Angry Jinbe!;522;8.3;13/11/2022
1041;Showdown Battles of the Monsters! Yamato and Franky;373;7.1;20/11/2022
1042;The Predator's Trap - Black Maria's Temptation;419;6.8;27/11/2022
1043;Slash the Nightmare - Brook Draws His Freezing Sword!;513;8.2;04/12/2022
1044;Clutch! A Demon Incarnate, Robin!;1365;9.4;11/12/2022
1045;A Spell! Kid and Zoro Facing Threats!;1133;9.2;18/12/2022
1046;Taking a Chance! The Two Arms Go into Battle!;1659;9.4;08/01/2023
1047;Rise to Dawn! The Peach Colored Dragon Rages!;626;7.7;15/01/2023
1048;For the Future! Yamato and the Great Swordsmen's Pledge!;1159;9.1;22/01/2023
1049;Luffy Soars! Revenge Against the King of the Beasts!;1425;9.4;29/01/2023
1050;Two Dragons Face Off! Momonosuke's Determination!;569;8.1;05/02/2023
1051;A Legend All Over Again! Luffy's Fist Roars in the Sky;1046;9.2;12/02/2023
1052;The Situation Has Grown Tense! The End of Onigashima!;507;8.0;N/A
1053;Sanji's Mutation - The Two Arms in Crisis!;737;7.9;N/A
1054;Death to Your Partner! Killer's Deadly Gamble!;444;8.5;19/03/2023
1055;A Shadowy Figure Pulls the Strings! Onigashima in Flames;292;7.3;26/03/2023
1056;A Countercharge! Law and Kid's Return-Attack Combination;157;8.8;02/04/2023
